0,11
1,11.0
2,11.0
3,11.0
4,11.0
5,11.0
6,11.0
7,11.0
8,11.0
9,11.0
10,11
11,11.0
12,11.0
13,11.0
14,11.0
15,11.0
16,11.0
17,11.0
18,11.0
19,11.0
20,11
21,11.0
22,11.0
23,11.0
24,11.0
25,11.0
26,11.0
27,11.0
28,11.0
29,11.0
30,11
31,11.0
32,11.0
33,11.0
34,11.0
35,11.0
36,11.0
37,11.0
38,11.0
39,11.0
40,11
41,11.0
42,11.0
43,11.0
44,11.0
45,11.0
46,11.0
47,11.0
48,11.0
49,11.0
50,11
51,11.0
52,11.0
53,11.0
54,11.0
55,11.0
56,11.0
57,11.0
58,11.0
59,11.0
60,11
61,11.0
62,11.0
63,11.0
64,11.0
65,11.0
66,11.0
67,11.0
68,11.0
69,11.0
70,11
71,11.0
72,11.0
73,11.0
74,11.0
75,11.0
76,11.0
77,11.0
78,11.0
79,11.0
80,11
81,11.0
82,11.0
83,11.0
84,11.0
85,11.0
86,11.0
87,11.0
88,11.0
89,11.0
90,11
91,11.0
92,11.0
93,11.0
94,11.0
95,11.0
96,11.0
97,11.0
98,11.0
99,11.0
100,11
101,11.1
102,11.2
103,11.3
104,11.4
105,11.5
106,11.6
107,11.7
108,11.8
109,11.9
110,12
111,11.9
112,11.8
113,11.7
114,11.6
115,11.5
116,11.4
117,11.3
118,11.2
119,11.1
120,11
121,11.0
122,11.0
123,11.0
124,11.0
125,11.0
126,11.0
127,11.0
128,11.0
129,11.0
130,11
131,11.0
132,11.0
133,11.0
134,11.0
135,11.0
136,11.0
137,11.0
138,11.0
139,11.0
140,11
141,11.0
142,11.0
143,11.0
144,11.0
145,11.0
146,11.0
147,11.0
148,11.0
149,11.0
150,11
151,11.0
152,11.0
153,11.0
154,11.0
155,11.0
156,11.0
157,11.0
158,11.0
159,11.0
160,11
161,11.0
162,11.0
163,11.0
164,11.0
165,11.0
166,11.0
167,11.0
168,11.0
169,11.0
170,11
171,11.0
172,11.0
173,11.0
174,11.0
175,11.0
176,11.0
177,11.0
178,11.0
179,11.0
180,11
181,11.0
182,11.0
183,11.0
184,11.0
185,11.0
186,11.0
187,11.0
188,11.0
189,11.0
190,11
191,11.0
192,11.0
193,11.0
194,11.0
195,11.0
196,11.0
197,11.0
198,11.0
199,11.0
200,11
201,11.0
202,11.0
203,11.0
204,11.0
205,11.0
206,11.0
207,11.0
208,11.0
209,11.0
210,11
211,11.0
212,11.0
213,11.0
214,11.0
215,11.0
216,11.0
217,11.0
218,11.0
219,11.0
220,11
221,11.0
222,11.0
223,11.0
224,11.0
225,11.0
226,11.0
227,11.0
228,11.0
229,11.0
230,11
231,11.0
232,11.0
233,11.0
234,11.0
235,11.0
236,11.0
237,11.0
238,11.0
239,11.0
240,11
241,11.0
242,11.0
243,11.0
244,11.0
245,11.0
246,11.0
247,11.0
248,11.0
249,11.0
250,11
251,11.0
252,11.0
253,11.0
254,11.0
255,11.0
256,11.0
257,11.0
258,11.0
259,11.0
260,11
261,11.0
262,11.0
263,11.0
264,11.0
265,11.0
266,11.0
267,11.0
268,11.0
269,11.0
270,11
271,11.0
272,11.0
273,11.0
274,11.0
275,11.0
276,11.0
277,11.0
278,11.0
279,11.0
280,11
281,11.0
282,11.0
283,11.0
284,11.0
285,11.0
286,11.0
287,11.0
288,11.0
289,11.0
290,11
291,11.0
292,11.0
293,11.0
294,11.0
295,11.0
296,11.0
297,11.0
298,11.0
299,11.0
300,11
301,11.0
302,11.0
303,11.0
304,11.0
305,11.0
306,11.0
307,11.0
308,11.0
309,11.0
310,11
311,11.0
312,11.0
313,11.0
314,11.0
315,11.0
316,11.0
317,11.0
318,11.0
319,11.0
320,11
321,11.0
322,11.0
323,11.0
324,11.0
325,11.0
326,11.0
327,11.0
328,11.0
329,11.0
330,11
331,11.0
332,11.0
333,11.0
334,11.0
335,11.0
336,11.0
337,11.0
338,11.0
339,11.0
340,11
341,11.0
342,11.0
343,11.0
344,11.0
345,11.0
346,11.0
347,11.0
348,11.0
349,11.0
350,11
351,11.0
352,11.0
353,11.0
354,11.0
355,11.0
356,11.0
357,11.0
358,11.0
359,11.0
360,11
361,11.0
362,11.0
363,11.0
364,11.0
365,11.0
366,11.0
367,11.0
368,11.0
369,11.0
370,11
371,11.0
372,11.0
373,11.0
374,11.0
375,11.0
376,11.0
377,11.0
378,11.0
379,11.0
380,11
381,11.0
382,11.0
383,11.0
384,11.0
385,11.0
386,11.0
387,11.0
388,11.0
389,11.0
390,11
391,11.0
392,11.0
393,11.0
394,11.0
395,11.0
396,11.0
397,11.0
398,11.0
399,11.0
400,11
401,11.0
402,11.0
403,11.0
404,11.0
405,11.0
406,11.0
407,11.0
408,11.0
409,11.0
410,11
411,11.0
412,11.0
413,11.0
414,11.0
415,11.0
416,11.0
417,11.0
418,11.0
419,11.0
420,11
421,11.0
422,11.0
423,11.0
424,11.0
425,11.0
426,11.0
427,11.0
428,11.0
429,11.0
430,11
431,11.0
432,11.0
433,11.0
434,11.0
435,11.0
436,11.0
437,11.0
438,11.0
439,11.0
440,11
441,11.0
442,11.0
443,11.0
444,11.0
445,11.0
446,11.0
447,11.0
448,11.0
449,11.0
450,11
451,11.0
452,11.0
453,11.0
454,11.0
455,11.0
456,11.0
457,11.0
458,11.0
459,11.0
460,11
461,11.0
462,11.0
463,11.0
464,11.0
465,11.0
466,11.0
467,11.0
468,11.0
469,11.0
470,11
471,11.0
472,11.0
473,11.0
474,11.0
475,11.0
476,11.0
477,11.0
478,11.0
479,11.0
480,11
481,11.0
482,11.0
483,11.0
484,11.0
485,11.0
486,11.0
487,11.0
488,11.0
489,11.0
490,11
491,11.0
492,11.0
493,11.0
494,11.0
495,11.0
496,11.0
497,11.0
498,11.0
499,11.0
500,11
501,11.0
502,11.0
503,11.0
504,11.0
505,11.0
506,11.0
507,11.0
508,11.0
509,11.0
510,11
511,11.0
512,11.0
513,11.0
514,11.0
515,11.0
516,11.0
517,11.0
518,11.0
519,11.0
520,11
521,11.0
522,11.0
523,11.0
524,11.0
525,11.0
526,11.0
527,11.0
528,11.0
529,11.0
530,11
531,10.9
532,10.8
533,10.7
534,10.6
535,10.5
536,10.4
537,10.3
538,10.2
539,10.1
540,10
541,10.1
542,10.2
543,10.3
544,10.4
545,10.5
546,10.6
547,10.7
548,10.8
549,10.9
550,11
551,11.0
552,11.0
553,11.0
554,11.0
555,11.0
556,11.0
557,11.0
558,11.0
559,11.0
560,11
561,11.0
562,11.0
563,11.0
564,11.0
565,11.0
566,11.0
567,11.0
568,11.0
569,11.0
570,11
571,11.0
572,11.0
573,11.0
574,11.0
575,11.0
576,11.0
577,11.0
578,11.0
579,11.0
580,11
581,10.9
582,10.8
583,10.7
584,10.6
585,10.5
586,10.4
587,10.3
588,10.2
589,10.1
590,10
591,10.0
592,10.0
593,10.0
594,10.0
595,10.0
596,10.0
597,10.0
598,10.0
599,10.0
600,10
601,10.1
602,10.2
603,10.3
604,10.4
605,10.5
606,10.6
607,10.7
608,10.8
609,10.9
610,11
611,11.0
612,11.0
613,11.0
614,11.0
615,11.0
616,11.0
617,11.0
618,11.0
619,11.0
620,11
621,10.9
622,10.8
623,10.7
624,10.6
625,10.5
626,10.4
627,10.3
628,10.2
629,10.1
630,10
631,10.1
632,10.2
633,10.3
634,10.4
635,10.5
636,10.6
637,10.7
638,10.8
639,10.9
640,11
641,11.0
642,11.0
643,11.0
644,11.0
645,11.0
646,11.0
647,11.0
648,11.0
649,11.0
650,11
651,11.0
652,11.0
653,11.0
654,11.0
655,11.0
656,11.0
657,11.0
658,11.0
659,11.0
660,11
661,11.0
662,11.0
663,11.0
664,11.0
665,11.0
666,11.0
667,11.0
668,11.0
669,11.0
670,11
671,11.0
672,11.0
673,11.0
674,11.0
675,11.0
676,11.0
677,11.0
678,11.0
679,11.0
680,11
681,11.0
682,11.0
683,11.0
684,11.0
685,11.0
686,11.0
687,11.0
688,11.0
689,11.0
690,11
691,11.0
692,11.0
693,11.0
694,11.0
695,11.0
696,11.0
697,11.0
698,11.0
699,11.0
700,11
701,11.0
702,11.0
703,11.0
704,11.0
705,11.0
706,11.0
707,11.0
708,11.0
709,11.0
710,11
711,11.0
712,11.0
713,11.0
714,11.0
715,11.0
716,11.0
717,11.0
718,11.0
719,11.0
720,11
721,11.0
722,11.0
723,11.0
724,11.0
725,11.0
726,11.0
727,11.0
728,11.0
729,11.0
730,11
731,44.5
732,78.0
733,111.5
734,145.0
735,178.5
736,212.0
737,245.5
738,279.0
739,312.5
740,346
741,363.4
742,380.8
743,398.2
744,415.6
745,433.0
746,450.4
747,467.79999999999995
748,485.2
749,502.6
750,520
751,521.5
752,523.0
753,524.5
754,526.0
755,527.5
756,529.0
757,530.5
758,532.0
759,533.5
760,535
761,540.9
762,546.8
763,552.7
764,558.6
765,564.5
766,570.4
767,576.3
768,582.2
769,588.1
770,594
771,600.1
772,606.2
773,612.3
774,618.4
775,624.5
776,630.6
777,636.7
778,642.8
779,648.9
780,655
781,657.9
782,660.8
783,663.7
784,666.6
785,669.5
786,672.4
787,675.3
788,678.2
789,681.1
790,684
791,644.6
792,605.2
793,565.8
794,526.4
795,487.0
796,447.6
797,408.2
798,368.8
799,329.40000000000003
800,290
801,287.2
802,284.4
803,281.6
804,278.8
805,276.0
806,273.2
807,270.4
808,267.6
809,264.8
810,262
811,260.4
812,258.8
813,257.2
814,255.6
815,254.0
816,252.4
817,250.8
818,249.2
819,247.6
820,246
821,245.4
822,244.8
823,244.2
824,243.6
825,243.0
826,242.4
827,241.8
828,241.2
829,240.6
830,240
831,239.9
832,239.8
833,239.7
834,239.6
835,239.5
836,239.4
837,239.3
838,239.2
839,239.1
840,239
841,238.1
842,237.2
843,236.3
844,235.4
845,234.5
846,233.6
847,232.7
848,231.8
849,230.9
850,230
851,228.9
852,227.8
853,226.7
854,225.6
855,224.5
856,223.4
857,222.3
858,221.2
859,220.1
860,219
861,218.1
862,217.2
863,216.3
864,215.4
865,214.5
866,213.6
867,212.7
868,211.8
869,210.9
870,210
871,210.2
872,210.4
873,210.6
874,210.8
875,211.0
876,211.2
877,211.4
878,211.6
879,211.8
880,212
881,210.9
882,209.8
883,208.7
884,207.6
885,206.5
886,205.4
887,204.3
888,203.2
889,202.1
890,201
891,194.4
892,187.8
893,181.2
894,174.6
895,168.0
896,161.4
897,154.8
898,148.2
899,141.6
900,135
901,125.4
902,115.8
903,106.2
904,96.6
905,87.0
906,77.4
907,67.8
908,58.2
909,48.60000000000001
910,39
911,39.2
912,39.4
913,39.6
914,39.8
915,40.0
916,40.2
917,40.4
918,40.6
919,40.8
920,41
921,39.9
922,38.8
923,37.7
924,36.6
925,35.5
926,34.4
927,33.3
928,32.2
929,31.1
930,30
931,30.3
932,30.6
933,30.9
934,31.2
935,31.5
936,31.8
937,32.1
938,32.4
939,32.7
940,33
941,31.6
942,30.2
943,28.8
944,27.4
945,26.0
946,24.6
947,23.200000000000003
948,21.8
949,20.4
950,19
951,19.0
952,19.0
953,19.0
954,19.0
955,19.0
956,19.0
957,19.0
958,19.0
959,19.0
960,19
961,19.3
962,19.6
963,19.9
964,20.2
965,20.5
966,20.8
967,21.1
968,21.4
969,21.7
970,22
971,22.5
972,23.0
973,23.5
974,24.0
975,24.5
976,25.0
977,25.5
978,26.0
979,26.5
980,27
981,27.5
982,28.0
983,28.5
984,29.0
985,29.5
986,30.0
987,30.5
988,31.0
989,31.5
990,32
991,32.9
992,33.8
993,34.7
994,35.6
995,36.5
996,37.4
997,38.3
998,39.2
999,40.1
1000,41
1001,41.4
1002,41.8
1003,42.2
1004,42.6
1005,43.0
1006,43.4
1007,43.8
1008,44.2
1009,44.6
1010,45
1011,46.2
1012,47.4
1013,48.6
1014,49.8
1015,51.0
1016,52.2
1017,53.4
1018,54.6
1019,55.8
1020,57
1021,56.9
1022,56.8
1023,56.7
1024,56.6
1025,56.5
1026,56.4
1027,56.3
1028,56.2
1029,56.1
1030,56
1031,54.6
1032,53.2
1033,51.8
1034,50.4
1035,49.0
1036,47.6
1037,46.2
1038,44.8
1039,43.4
1040,42
1041,41.8
1042,41.6
1043,41.4
1044,41.2
1045,41.0
1046,40.8
1047,40.6
1048,40.4
1049,40.2
1050,40
1051,39.9
1052,39.8
1053,39.7
1054,39.6
1055,39.5
1056,39.4
1057,39.3
1058,39.2
1059,39.1
1060,39
1061,38.9
1062,38.8
1063,38.7
1064,38.6
1065,38.5
1066,38.4
1067,38.3
1068,38.2
1069,38.1
1070,38
1071,37.9
1072,37.8
1073,37.7
1074,37.6
1075,37.5
1076,37.4
1077,37.3
1078,37.2
1079,37.1
1080,37
1081,36.5
1082,36.0
1083,35.5
1084,35.0
1085,34.5
1086,34.0
1087,33.5
1088,33.0
1089,32.5
1090,32
1091,33.0
1092,34.0
1093,35.0
1094,36.0
1095,37.0
1096,38.0
1097,39.0
1098,40.0
1099,41.0
1100,42
1101,42.6
1102,43.2
1103,43.8
1104,44.4
1105,45.0
1106,45.6
1107,46.2
1108,46.8
1109,47.4
1110,48
1111,48.1
1112,48.2
1113,48.3
1114,48.4
1115,48.5
1116,48.6
1117,48.7
1118,48.8
1119,48.9
1120,49
1121,49.0
1122,49.0
1123,49.0
1124,49.0
1125,49.0
1126,49.0
1127,49.0
1128,49.0
1129,49.0
1130,49
1131,48.9
1132,48.8
1133,48.7
1134,48.6
1135,48.5
1136,48.4
1137,48.3
1138,48.2
1139,48.1
1140,48
1141,47.1
1142,46.2
1143,45.3
1144,44.4
1145,43.5
1146,42.6
1147,41.7
1148,40.8
1149,39.9
1150,39
1151,38.8
1152,38.6
1153,38.4
1154,38.2
1155,38.0
1156,37.8
1157,37.6
1158,37.4
1159,37.2
1160,37
1161,38.0
1162,39.0
1163,40.0
1164,41.0
1165,42.0
1166,43.0
1167,44.0
1168,45.0
1169,46.0
1170,47
1171,48.1
1172,49.2
1173,50.3
1174,51.4
1175,52.5
1176,53.6
1177,54.7
1178,55.8
1179,56.9
1180,58
1181,57.3
1182,56.6
1183,55.9
1184,55.2
1185,54.5
1186,53.8
1187,53.1
1188,52.4
1189,51.7
1190,51
1191,50.6
1192,50.2
1193,49.8
1194,49.4
1195,49.0
1196,48.6
1197,48.2
1198,47.8
1199,47.4
1200,47
1201,47.0
1202,47.0
1203,47.0
1204,47.0
1205,47.0
1206,47.0
1207,47.0
1208,47.0
1209,47.0
1210,47
1211,47.1
1212,47.2
1213,47.3
1214,47.4
1215,47.5
1216,47.6
1217,47.7
1218,47.8
1219,47.9
1220,48
1221,48.9
1222,49.8
1223,50.7
1224,51.6
1225,52.5
1226,53.4
1227,54.3
1228,55.2
1229,56.1
1230,57
1231,56.4
1232,55.8
1233,55.2
1234,54.6
1235,54.0
1236,53.4
1237,52.8
1238,52.2
1239,51.6
1240,51
1241,50.8
1242,50.6
1243,50.4
1244,50.2
1245,50.0
1246,49.8
1247,49.6
1248,49.4
1249,49.2
1250,49
1251,48.9
1252,48.8
1253,48.7
1254,48.6
1255,48.5
1256,48.4
1257,48.3
1258,48.2
1259,48.1
1260,48
1261,48.1
1262,48.2
1263,48.3
1264,48.4
1265,48.5
1266,48.6
1267,48.7
1268,48.8
1269,48.9
1270,49
1271,49.3
1272,49.6
1273,49.9
1274,50.2
1275,50.5
1276,50.8
1277,51.1
1278,51.4
1279,51.7
1280,52
1281,51.7
1282,51.4
1283,51.1
1284,50.8
1285,50.5
1286,50.2
1287,49.9
1288,49.6
1289,49.3
1290,49
1291,49.0
1292,49.0
1293,49.0
1294,49.0
1295,49.0
1296,49.0
1297,49.0
1298,49.0
1299,49.0
1300,49
1301,48.9
1302,48.8
1303,48.7
1304,48.6
1305,48.5
1306,48.4
1307,48.3
1308,48.2
1309,48.1
1310,48
1311,48.0
1312,48.0
1313,48.0
1314,48.0
1315,48.0
1316,48.0
1317,48.0
1318,48.0
1319,48.0
1320,48
1321,47.9
1322,47.8
1323,47.7
1324,47.6
1325,47.5
1326,47.4
1327,47.3
1328,47.2
1329,47.1
1330,47
1331,47.1
1332,47.2
1333,47.3
1334,47.4
1335,47.5
1336,47.6
1337,47.7
1338,47.8
1339,47.9
1340,48
1341,47.9
1342,47.8
1343,47.7
1344,47.6
1345,47.5
1346,47.4
1347,47.3
1348,47.2
1349,47.1
1350,47
1351,47.0
1352,47.0
1353,47.0
1354,47.0
1355,47.0
1356,47.0
1357,47.0
1358,47.0
1359,47.0
1360,47
1361,47.0
1362,47.0
1363,47.0
1364,47.0
1365,47.0
1366,47.0
1367,47.0
1368,47.0
1369,47.0
1370,47
1371,47.0
1372,47.0
1373,47.0
1374,47.0
1375,47.0
1376,47.0
1377,47.0
1378,47.0
1379,47.0
1380,47
1381,47.1
1382,47.2
1383,47.3
1384,47.4
1385,47.5
1386,47.6
1387,47.7
1388,47.8
1389,47.9
1390,48
1391,48.1
1392,48.2
1393,48.3
1394,48.4
1395,48.5
1396,48.6
1397,48.7
1398,48.8
1399,48.9
1400,49
1401,49.0
1402,49.0
1403,49.0
1404,49.0
1405,49.0
1406,49.0
1407,49.0
1408,49.0
1409,49.0
1410,49
1411,48.8
1412,48.6
1413,48.4
1414,48.2
1415,48.0
1416,47.8
1417,47.6
1418,47.4
1419,47.2
1420,47
1421,47.1
1422,47.2
1423,47.3
1424,47.4
1425,47.5
1426,47.6
1427,47.7
1428,47.8
1429,47.9
1430,48
1431,47.9
1432,47.8
1433,47.7
1434,47.6
1435,47.5
1436,47.4
1437,47.3
1438,47.2
1439,47.1
1440,47
1441,47.2
1442,47.4
1443,47.6
1444,47.8
1445,48.0
1446,48.2
1447,48.4
1448,48.6
1449,48.8
1450,49
1451,49.0
1452,49.0
1453,49.0
1454,49.0
1455,49.0
1456,49.0
1457,49.0
1458,49.0
1459,49.0
1460,49
1461,49.0
1462,49.0
1463,49.0
1464,49.0
1465,49.0
1466,49.0
1467,49.0
1468,49.0
1469,49.0
1470,49
1471,49.0
1472,49.0
1473,49.0
1474,49.0
1475,49.0
1476,49.0
1477,49.0
1478,49.0
1479,49.0
1480,49
1481,48.9
1482,48.8
1483,48.7
1484,48.6
1485,48.5
1486,48.4
1487,48.3
1488,48.2
1489,48.1
1490,48
1491,49.1
1492,50.2
1493,51.3
1494,52.4
1495,53.5
1496,54.6
1497,55.7
1498,56.8
1499,57.9
1500,59
1501,58.1
1502,57.2
1503,56.3
1504,55.4
1505,54.5
1506,53.6
1507,52.7
1508,51.8
1509,50.9
1510,50
1511,49.8
1512,49.6
1513,49.4
1514,49.2
1515,49.0
1516,48.8
1517,48.6
1518,48.4
1519,48.2
1520,48
1521,47.9
1522,47.8
1523,47.7
1524,47.6
1525,47.5
1526,47.4
1527,47.3
1528,47.2
1529,47.1
1530,47
1531,47.1
1532,47.2
1533,47.3
1534,47.4
1535,47.5
1536,47.6
1537,47.7
1538,47.8
1539,47.9
1540,48
1541,48.6
1542,49.2
1543,49.8
1544,50.4
1545,51.0
1546,51.6
1547,52.2
1548,52.8
1549,53.4
1550,54
1551,53.5
1552,53.0
1553,52.5
1554,52.0
1555,51.5
1556,51.0
1557,50.5
1558,50.0
1559,49.5
1560,49
1561,49.0
1562,49.0
1563,49.0
1564,49.0
1565,49.0
1566,49.0
1567,49.0
1568,49.0
1569,49.0
1570,49
1571,48.9
1572,48.8
1573,48.7
1574,48.6
1575,48.5
1576,48.4
1577,48.3
1578,48.2
1579,48.1
1580,48
1581,48.0
1582,48.0
1583,48.0
1584,48.0
1585,48.0
1586,48.0
1587,48.0
1588,48.0
1589,48.0
1590,48
1591,48.1
1592,48.2
1593,48.3
1594,48.4
1595,48.5
1596,48.6
1597,48.7
1598,48.8
1599,48.9
1600,49
1601,48.9
1602,48.8
1603,48.7
1604,48.6
1605,48.5
1606,48.4
1607,48.3
1608,48.2
1609,48.1
1610,48
1611,48.0
1612,48.0
1613,48.0
1614,48.0
1615,48.0
1616,48.0
1617,48.0
1618,48.0
1619,48.0
1620,48
1621,48.0
1622,48.0
1623,48.0
1624,48.0
1625,48.0
1626,48.0
1627,48.0
1628,48.0
1629,48.0
1630,48
1631,48.0
1632,48.0
1633,48.0
1634,48.0
1635,48.0
1636,48.0
1637,48.0
1638,48.0
1639,48.0
1640,48
1641,48.0
1642,48.0
1643,48.0
1644,48.0
1645,48.0
1646,48.0
1647,48.0
1648,48.0
1649,48.0
1650,48
1651,48.0
1652,48.0
1653,48.0
1654,48.0
1655,48.0
1656,48.0
1657,48.0
1658,48.0
1659,48.0
1660,48
1661,48.0
1662,48.0
1663,48.0
1664,48.0
1665,48.0
1666,48.0
1667,48.0
1668,48.0
1669,48.0
1670,48
1671,47.9
1672,47.8
1673,47.7
1674,47.6
1675,47.5
1676,47.4
1677,47.3
1678,47.2
1679,47.1
1680,47
1681,47.1
1682,47.2
1683,47.3
1684,47.4
1685,47.5
1686,47.6
1687,47.7
1688,47.8
1689,47.9
1690,48
1691,47.9
1692,47.8
1693,47.7
1694,47.6
1695,47.5
1696,47.4
1697,47.3
1698,47.2
1699,47.1
1700,47
1701,47.1
1702,47.2
1703,47.3
1704,47.4
1705,47.5
1706,47.6
1707,47.7
1708,47.8
1709,47.9
1710,48
1711,48.0
1712,48.0
1713,48.0
1714,48.0
1715,48.0
1716,48.0
1717,48.0
1718,48.0
1719,48.0
1720,48
1721,48.0
1722,48.0
1723,48.0
1724,48.0
1725,48.0
1726,48.0
1727,48.0
1728,48.0
1729,48.0
1730,48
1731,48.0
1732,48.0
1733,48.0
1734,48.0
1735,48.0
1736,48.0
1737,48.0
1738,48.0
1739,48.0
1740,48
1741,48.0
1742,48.0
1743,48.0
1744,48.0
1745,48.0
1746,48.0
1747,48.0
1748,48.0
1749,48.0
1750,48
1751,47.9
1752,47.8
1753,47.7
1754,47.6
1755,47.5
1756,47.4
1757,47.3
1758,47.2
1759,47.1
1760,47
1761,47.1
1762,47.2
1763,47.3
1764,47.4
1765,47.5
1766,47.6
1767,47.7
1768,47.8
1769,47.9
1770,48
1771,47.9
1772,47.8
1773,47.7
1774,47.6
1775,47.5
1776,47.4
1777,47.3
1778,47.2
1779,47.1
1780,47
1781,47.1
1782,47.2
1783,47.3
1784,47.4
1785,47.5
1786,47.6
1787,47.7
1788,47.8
1789,47.9
1790,48
1791,48.0
1792,48.0
1793,48.0
1794,48.0
1795,48.0
1796,48.0
1797,48.0
1798,48.0
1799,48.0
1800,48
1801,48.0
1802,48.0
1803,48.0
1804,48.0
1805,48.0
1806,48.0
1807,48.0
1808,48.0
1809,48.0
1810,48
1811,47.9
1812,47.8
1813,47.7
1814,47.6
1815,47.5
1816,47.4
1817,47.3
1818,47.2
1819,47.1
1820,47
1821,47.0
1822,47.0
1823,47.0
1824,47.0
1825,47.0
1826,47.0
1827,47.0
1828,47.0
1829,47.0
1830,47
1831,47.1
1832,47.2
1833,47.3
1834,47.4
1835,47.5
1836,47.6
1837,47.7
1838,47.8
1839,47.9
1840,48
1841,48.1
1842,48.2
1843,48.3
1844,48.4
1845,48.5
1846,48.6
1847,48.7
1848,48.8
1849,48.9
1850,49
1851,48.8
1852,48.6
1853,48.4
1854,48.2
1855,48.0
1856,47.8
1857,47.6
1858,47.4
1859,47.2
1860,47
1861,47.1
1862,47.2
1863,47.3
1864,47.4
1865,47.5
1866,47.6
1867,47.7
1868,47.8
1869,47.9
1870,48
1871,48.0
1872,48.0
1873,48.0
1874,48.0
1875,48.0
1876,48.0
1877,48.0
1878,48.0
1879,48.0
1880,48
1881,47.9
1882,47.8
1883,47.7
1884,47.6
1885,47.5
1886,47.4
1887,47.3
1888,47.2
1889,47.1
1890,47
1891,47.0
1892,47.0
1893,47.0
1894,47.0
1895,47.0
1896,47.0
1897,47.0
1898,47.0
1899,47.0
1900,47
1901,47.2
1902,47.4
1903,47.6
1904,47.8
1905,48.0
1906,48.2
1907,48.4
1908,48.6
1909,48.8
1910,49
1911,49.5
1912,50.0
1913,50.5
1914,51.0
1915,51.5
1916,52.0
1917,52.5
1918,53.0
1919,53.5
1920,54
1921,53.2
1922,52.4
1923,51.6
1924,50.8
1925,50.0
1926,49.2
1927,48.4
1928,47.6
1929,46.8
1930,46
1931,46.1
1932,46.2
1933,46.3
1934,46.4
1935,46.5
1936,46.6
1937,46.7
1938,46.8
1939,46.9
1940,47
1941,48.1
1942,49.2
1943,50.3
1944,51.4
1945,52.5
1946,53.6
1947,54.7
1948,55.8
1949,56.9
1950,58
1951,57.2
1952,56.4
1953,55.6
1954,54.8
1955,54.0
1956,53.2
1957,52.4
1958,51.6
1959,50.8
1960,50
1961,50.5
1962,51.0
1963,51.5
1964,52.0
1965,52.5
1966,53.0
1967,53.5
1968,54.0
1969,54.5
1970,55
1971,54.2
1972,53.4
1973,52.6
1974,51.8
1975,51.0
1976,50.2
1977,49.4
1978,48.6
1979,47.8
1980,47
1981,47.1
1982,47.2
1983,47.3
1984,47.4
1985,47.5
1986,47.6
1987,47.7
1988,47.8
1989,47.9
1990,48
1991,47.8
1992,47.6
1993,47.4
1994,47.2
1995,47.0
1996,46.8
1997,46.6
1998,46.4
1999,46.2
2000,46
2001,46.2
2002,46.4
2003,46.6
2004,46.8
2005,47.0
2006,47.2
2007,47.4
2008,47.6
2009,47.8
2010,48
2011,47.9
2012,47.8
2013,47.7
2014,47.6
2015,47.5
2016,47.4
2017,47.3
2018,47.2
2019,47.1
2020,47
2021,47.1
2022,47.2
2023,47.3
2024,47.4
2025,47.5
2026,47.6
2027,47.7
2028,47.8
2029,47.9
2030,48
2031,48.5
2032,49.0
2033,49.5
2034,50.0
2035,50.5
2036,51.0
2037,51.5
2038,52.0
2039,52.5
2040,53
2041,52.6
2042,52.2
2043,51.8
2044,51.4
2045,51.0
2046,50.6
2047,50.2
2048,49.8
2049,49.4
2050,49
2051,49.1
2052,49.2
2053,49.3
2054,49.4
2055,49.5
2056,49.6
2057,49.7
2058,49.8
2059,49.9
2060,50
2061,49.8
2062,49.6
2063,49.4
2064,49.2
2065,49.0
2066,48.8
2067,48.6
2068,48.4
2069,48.2
2070,48
2071,48.1
2072,48.2
2073,48.3
2074,48.4
2075,48.5
2076,48.6
2077,48.7
2078,48.8
2079,48.9
2080,49
2081,48.9
2082,48.8
2083,48.7
2084,48.6
2085,48.5
2086,48.4
2087,48.3
2088,48.2
2089,48.1
2090,48
2091,48.0
2092,48.0
2093,48.0
2094,48.0
2095,48.0
2096,48.0
2097,48.0
2098,48.0
2099,48.0
2100,48
2101,47.9
2102,47.8
2103,47.7
2104,47.6
2105,47.5
2106,47.4
2107,47.3
2108,47.2
2109,47.1
2110,47
2111,47.0
2112,47.0
2113,47.0
2114,47.0
2115,47.0
2116,47.0
2117,47.0
2118,47.0
2119,47.0
2120,47
2121,47.2
2122,47.4
2123,47.6
2124,47.8
2125,48.0
2126,48.2
2127,48.4
2128,48.6
2129,48.8
2130,49
2131,49.0
2132,49.0
2133,49.0
2134,49.0
2135,49.0
2136,49.0
2137,49.0
2138,49.0
2139,49.0
2140,49
2141,49.0
2142,49.0
2143,49.0
2144,49.0
2145,49.0
2146,49.0
2147,49.0
2148,49.0
2149,49.0
2150,49
2151,48.9
2152,48.8
2153,48.7
2154,48.6
2155,48.5
2156,48.4
2157,48.3
2158,48.2
2159,48.1
2160,48
2161,48.0
2162,48.0
2163,48.0
2164,48.0
2165,48.0
2166,48.0
2167,48.0
2168,48.0
2169,48.0
2170,48
2171,48.0
2172,48.0
2173,48.0
2174,48.0
2175,48.0
2176,48.0
2177,48.0
2178,48.0
2179,48.0
2180,48
2181,48.5
2182,49.0
2183,49.5
2184,50.0
2185,50.5
2186,51.0
2187,51.5
2188,52.0
2189,52.5
2190,53
2191,52.5
2192,52.0
2193,51.5
2194,51.0
2195,50.5
2196,50.0
2197,49.5
2198,49.0
2199,48.5
2200,48
2201,47.9
2202,47.8
2203,47.7
2204,47.6
2205,47.5
2206,47.4
2207,47.3
2208,47.2
2209,47.1
2210,47
2211,47.2
2212,47.4
2213,47.6
2214,47.8
2215,48.0
2216,48.2
2217,48.4
2218,48.6
2219,48.8
2220,49
2221,48.8
2222,48.6
2223,48.4
2224,48.2
2225,48.0
2226,47.8
2227,47.6
2228,47.4
2229,47.2
2230,47
2231,47.0
2232,47.0
2233,47.0
2234,47.0
2235,47.0
2236,47.0
2237,47.0
2238,47.0
2239,47.0
2240,47
2241,47.1
2242,47.2
2243,47.3
2244,47.4
2245,47.5
2246,47.6
2247,47.7
2248,47.8
2249,47.9
2250,48
2251,48.0
2252,48.0
2253,48.0
2254,48.0
2255,48.0
2256,48.0
2257,48.0
2258,48.0
2259,48.0
2260,48
2261,47.7
2262,47.4
2263,47.1
2264,46.8
2265,46.5
2266,46.2
2267,45.9
2268,45.6
2269,45.3
2270,45
2271,45.2
2272,45.4
2273,45.6
2274,45.8
2275,46.0
2276,46.2
2277,46.4
2278,46.6
2279,46.8
2280,47
2281,47.0
2282,47.0
2283,47.0
2284,47.0
2285,47.0
2286,47.0
2287,47.0
2288,47.0
2289,47.0
2290,47
2291,47.1
2292,47.2
2293,47.3
2294,47.4
2295,47.5
2296,47.6
2297,47.7
2298,47.8
2299,47.9
2300,48
2301,48.5
2302,49.0
2303,49.5
2304,50.0
2305,50.5
2306,51.0
2307,51.5
2308,52.0
2309,52.5
2310,53
2311,52.5
2312,52.0
2313,51.5
2314,51.0
2315,50.5
2316,50.0
2317,49.5
2318,49.0
2319,48.5
2320,48
2321,47.9
2322,47.8
2323,47.7
2324,47.6
2325,47.5
2326,47.4
2327,47.3
2328,47.2
2329,47.1
2330,47
2331,46.8
2332,46.6
2333,46.4
2334,46.2
2335,46.0
2336,45.8
2337,45.6
2338,45.4
2339,45.2
2340,45
2341,45.1
2342,45.2
2343,45.3
2344,45.4
2345,45.5
2346,45.6
2347,45.7
2348,45.8
2349,45.9
2350,46
2351,46.1
2352,46.2
2353,46.3
2354,46.4
2355,46.5
2356,46.6
2357,46.7
2358,46.8
2359,46.9
2360,47
2361,47.0
2362,47.0
2363,47.0
2364,47.0
2365,47.0
2366,47.0
2367,47.0
2368,47.0
2369,47.0
2370,47
2371,46.9
2372,46.8
2373,46.7
2374,46.6
2375,46.5
2376,46.4
2377,46.3
2378,46.2
2379,46.1
2380,46
2381,45.9
2382,45.8
2383,45.7
2384,45.6
2385,45.5
2386,45.4
2387,45.3
2388,45.2
2389,45.1
2390,45
2391,45.1
2392,45.2
2393,45.3
2394,45.4
2395,45.5
2396,45.6
2397,45.7
2398,45.8
2399,45.9
2400,46
2401,46.0
2402,46.0
2403,46.0
2404,46.0
2405,46.0
2406,46.0
2407,46.0
2408,46.0
2409,46.0
2410,46
2411,46.2
2412,46.4
2413,46.6
2414,46.8
2415,47.0
2416,47.2
2417,47.4
2418,47.6
2419,47.8
2420,48
2421,47.8
2422,47.6
2423,47.4
2424,47.2
2425,47.0
2426,46.8
2427,46.6
2428,46.4
2429,46.2
2430,46
2431,46.0
2432,46.0
2433,46.0
2434,46.0
2435,46.0
2436,46.0
2437,46.0
2438,46.0
2439,46.0
2440,46
2441,46.0
2442,46.0
2443,46.0
2444,46.0
2445,46.0
2446,46.0
2447,46.0
2448,46.0
2449,46.0
2450,46
2451,46.0
2452,46.0
2453,46.0
2454,46.0
2455,46.0
2456,46.0
2457,46.0
2458,46.0
2459,46.0
2460,46
2461,46.1
2462,46.2
2463,46.3
2464,46.4
2465,46.5
2466,46.6
2467,46.7
2468,46.8
2469,46.9
2470,47
2471,47.0
2472,47.0
2473,47.0
2474,47.0
2475,47.0
2476,47.0
2477,47.0
2478,47.0
2479,47.0
2480,47
2481,47.1
2482,47.2
2483,47.3
2484,47.4
2485,47.5
2486,47.6
2487,47.7
2488,47.8
2489,47.9
2490,48
2491,47.9
2492,47.8
2493,47.7
2494,47.6
2495,47.5
2496,47.4
2497,47.3
2498,47.2
2499,47.1
2500,47
2501,47.2
2502,47.4
2503,47.6
2504,47.8
2505,48.0
2506,48.2
2507,48.4
2508,48.6
2509,48.8
2510,49
2511,49.1
2512,49.2
2513,49.3
2514,49.4
2515,49.5
2516,49.6
2517,49.7
2518,49.8
2519,49.9
2520,50
2521,50.0
2522,50.0
2523,50.0
2524,50.0
2525,50.0
2526,50.0
2527,50.0
2528,50.0
2529,50.0
2530,50
2531,50.6
2532,51.2
2533,51.8
2534,52.4
2535,53.0
2536,53.6
2537,54.2
2538,54.8
2539,55.4
2540,56
2541,56.4
2542,56.8
2543,57.2
2544,57.6
2545,58.0
2546,58.4
2547,58.8
2548,59.2
2549,59.6
2550,60
2551,60.7
2552,61.4
2553,62.1
2554,62.8
2555,63.5
2556,64.2
2557,64.9
2558,65.6
2559,66.3
2560,67
2561,67.3
2562,67.6
2563,67.9
2564,68.2
2565,68.5
2566,68.8
2567,69.1
2568,69.4
2569,69.7
2570,70
2571,72.4
2572,74.8
2573,77.2
2574,79.6
2575,82.0
2576,84.4
2577,86.8
2578,89.2
2579,91.6
2580,94
2581,95.0
2582,96.0
2583,97.0
2584,98.0
2585,99.0
2586,100.0
2587,101.0
2588,102.0
2589,103.0
2590,104
2591,99.4
2592,94.8
2593,90.2
2594,85.6
2595,81.0
2596,76.4
2597,71.80000000000001
2598,67.2
2599,62.6
2600,58
2601,57.6
2602,57.2
2603,56.8
2604,56.4
2605,56.0
2606,55.6
2607,55.2
2608,54.8
2609,54.4
2610,54
2611,54.4
2612,54.8
2613,55.2
2614,55.6
2615,56.0
2616,56.4
2617,56.8
2618,57.2
2619,57.6
2620,58
2621,57.1
2622,56.2
2623,55.3
2624,54.4
2625,53.5
2626,52.6
2627,51.7
2628,50.8
2629,49.9
2630,49
2631,48.5
2632,48.0
2633,47.5
2634,47.0
2635,46.5
2636,46.0
2637,45.5
2638,45.0
2639,44.5
2640,44
2641,43.9
2642,43.8
2643,43.7
2644,43.6
2645,43.5
2646,43.4
2647,43.3
2648,43.2
2649,43.1
2650,43
2651,43.1
2652,43.2
2653,43.3
2654,43.4
2655,43.5
2656,43.6
2657,43.7
2658,43.8
2659,43.9
2660,44
2661,44.2
2662,44.4
2663,44.6
2664,44.8
2665,45.0
2666,45.2
2667,45.4
2668,45.6
2669,45.8
2670,46
2671,46.0
2672,46.0
2673,46.0
2674,46.0
2675,46.0
2676,46.0
2677,46.0
2678,46.0
2679,46.0
2680,46
2681,45.9
2682,45.8
2683,45.7
2684,45.6
2685,45.5
2686,45.4
2687,45.3
2688,45.2
2689,45.1
2690,45
2691,45.1
2692,45.2
2693,45.3
2694,45.4
2695,45.5
2696,45.6
2697,45.7
2698,45.8
2699,45.9
2700,46
2701,46.1
2702,46.2
2703,46.3
2704,46.4
2705,46.5
2706,46.6
2707,46.7
2708,46.8
2709,46.9
2710,47
2711,46.8
2712,46.6
2713,46.4
2714,46.2
2715,46.0
2716,45.8
2717,45.6
2718,45.4
2719,45.2
2720,45
2721,45.0
2722,45.0
2723,45.0
2724,45.0
2725,45.0
2726,45.0
2727,45.0
2728,45.0
2729,45.0
2730,45
2731,44.9
2732,44.8
2733,44.7
2734,44.6
2735,44.5
2736,44.4
2737,44.3
2738,44.2
2739,44.1
2740,44
2741,43.9
2742,43.8
2743,43.7
2744,43.6
2745,43.5
2746,43.4
2747,43.3
2748,43.2
2749,43.1
2750,43
2751,43.2
2752,43.4
2753,43.6
2754,43.8
2755,44.0
2756,44.2
2757,44.4
2758,44.6
2759,44.8
2760,45
2761,44.9
2762,44.8
2763,44.7
2764,44.6
2765,44.5
2766,44.4
2767,44.3
2768,44.2
2769,44.1
2770,44
2771,44.0
2772,44.0
2773,44.0
2774,44.0
2775,44.0
2776,44.0
2777,44.0
2778,44.0
2779,44.0
2780,44
2781,44.0
2782,44.0
2783,44.0
2784,44.0
2785,44.0
2786,44.0
2787,44.0
2788,44.0
2789,44.0
2790,44
2791,44.0
2792,44.0
2793,44.0
2794,44.0
2795,44.0
2796,44.0
2797,44.0
2798,44.0
2799,44.0
2800,44
2801,44.0
2802,44.0
2803,44.0
2804,44.0
2805,44.0
2806,44.0
2807,44.0
2808,44.0
2809,44.0
2810,44
2811,43.9
2812,43.8
2813,43.7
2814,43.6
2815,43.5
2816,43.4
2817,43.3
2818,43.2
2819,43.1
2820,43
2821,43.1
2822,43.2
2823,43.3
2824,43.4
2825,43.5
2826,43.6
2827,43.7
2828,43.8
2829,43.9
2830,44
2831,44.0
2832,44.0
2833,44.0
2834,44.0
2835,44.0
2836,44.0
2837,44.0
2838,44.0
2839,44.0
2840,44
2841,44.0
2842,44.0
2843,44.0
2844,44.0
2845,44.0
2846,44.0
2847,44.0
2848,44.0
2849,44.0
2850,44
2851,44.0
2852,44.0
2853,44.0
2854,44.0
2855,44.0
2856,44.0
2857,44.0
2858,44.0
2859,44.0
2860,44
2861,43.9
2862,43.8
2863,43.7
2864,43.6
2865,43.5
2866,43.4
2867,43.3
2868,43.2
2869,43.1
2870,43
2871,61.9
2872,80.8
2873,99.69999999999999
2874,118.6
2875,137.5
2876,156.39999999999998
2877,175.29999999999998
2878,194.2
2879,213.1
2880,232
2881,237.1
2882,242.2
2883,247.3
2884,252.4
2885,257.5
2886,262.6
2887,267.7
2888,272.8
2889,277.9
2890,283
2891,305.0
2892,327.0
2893,349.0
2894,371.0
2895,393.0
2896,415.0
2897,437.0
2898,459.0
2899,481.0
2900,503
2901,514.4
2902,525.8
2903,537.2
2904,548.6
2905,560.0
2906,571.4
2907,582.8
2908,594.2
2909,605.6
2910,617
2911,624.8
2912,632.6
2913,640.4
2914,648.2
2915,656.0
2916,663.8
2917,671.6
2918,679.4
2919,687.2
2920,695
2921,704.5
2922,714.0
2923,723.5
2924,733.0
2925,742.5
2926,752.0
2927,761.5
2928,771.0
2929,780.5
2930,790
2931,796.5
2932,803.0
2933,809.5
2934,816.0
2935,822.5
2936,829.0
2937,835.5
2938,842.0
2939,848.5
2940,855
2941,857.5
2942,860.0
2943,862.5
2944,865.0
2945,867.5
2946,870.0
2947,872.5
2948,875.0
2949,877.5
2950,880
2951,882.4
2952,884.8
2953,887.2
2954,889.6
2955,892.0
2956,894.4
2957,896.8
2958,899.2
2959,901.6
2960,904
2961,906.4
2962,908.8
2963,911.2
2964,913.6
2965,916.0
2966,918.4
2967,920.8
2968,923.2
2969,925.6
2970,928
2971,929.2
2972,930.4
2973,931.6
2974,932.8
2975,934.0
2976,935.2
2977,936.4
2978,937.6
2979,938.8
2980,940
2981,940.9
2982,941.8
2983,942.7
2984,943.6
2985,944.5
2986,945.4
2987,946.3
2988,947.2
2989,948.1
2990,949
2991,949.4
2992,949.8
2993,950.2
2994,950.6
2995,951.0
2996,951.4
2997,951.8
2998,952.2
2999,952.6
3000,953
3001,953.7
3002,954.4
3003,955.1
3004,955.8
3005,956.5
3006,957.2
3007,957.9
3008,958.6
3009,959.3
3010,960
3011,960.4
3012,960.8
3013,961.2
3014,961.6
3015,962.0
3016,962.4
3017,962.8
3018,963.2
3019,963.6
3020,964
3021,964.3
3022,964.6
3023,964.9
3024,965.2
3025,965.5
3026,965.8
3027,966.1
3028,966.4
3029,966.7
3030,967
3031,967.3
3032,967.6
3033,967.9
3034,968.2
3035,968.5
3036,968.8
3037,969.1
3038,969.4
3039,969.7
3040,970
3041,970.2
3042,970.4
3043,970.6
3044,970.8
3045,971.0
3046,971.2
3047,971.4
3048,971.6
3049,971.8
3050,972
3051,972.1
3052,972.2
3053,972.3
3054,972.4
3055,972.5
3056,972.6
3057,972.7
3058,972.8
3059,972.9
3060,973
3061,973.2
3062,973.4
3063,973.6
3064,973.8
3065,974.0
3066,974.2
3067,974.4
3068,974.6
3069,974.8
3070,975
3071,975.2
3072,975.4
3073,975.6
3074,975.8
3075,976.0
3076,976.2
3077,976.4
3078,976.6
3079,976.8
3080,977
3081,977.0
3082,977.0
3083,977.0
3084,977.0
3085,977.0
3086,977.0
3087,977.0
3088,977.0
3089,977.0
3090,977
3091,977.2
3092,977.4
3093,977.6
3094,977.8
3095,978.0
3096,978.2
3097,978.4
3098,978.6
3099,978.8
3100,979
3101,979.1
3102,979.2
3103,979.3
3104,979.4
3105,979.5
3106,979.6
3107,979.7
3108,979.8
3109,979.9
3110,980
3111,980.1
3112,980.2
3113,980.3
3114,980.4
3115,980.5
3116,980.6
3117,980.7
3118,980.8
3119,980.9
3120,981
3121,981.1
3122,981.2
3123,981.3
3124,981.4
3125,981.5
3126,981.6
3127,981.7
3128,981.8
3129,981.9
3130,982
3131,982.0
3132,982.0
3133,982.0
3134,982.0
3135,982.0
3136,982.0
3137,982.0
3138,982.0
3139,982.0
3140,982
3141,982.0
3142,982.0
3143,982.0
3144,982.0
3145,982.0
3146,982.0
3147,982.0
3148,982.0
3149,982.0
3150,982
3151,982.0
3152,982.0
3153,982.0
3154,982.0
3155,982.0
3156,982.0
3157,982.0
3158,982.0
3159,982.0
3160,982
3161,981.7
3162,981.4
3163,981.1
3164,980.8
3165,980.5
3166,980.2
3167,979.9
3168,979.6
3169,979.3
3170,979
3171,978.5
3172,978.0
3173,977.5
3174,977.0
3175,976.5
3176,976.0
3177,975.5
3178,975.0
3179,974.5
3180,974
3181,973.3
3182,972.6
3183,971.9
3184,971.2
3185,970.5
3186,969.8
3187,969.1
3188,968.4
3189,967.7
3190,967
3191,965.7
3192,964.4
3193,963.1
3194,961.8
3195,960.5
3196,959.2
3197,957.9
3198,956.6
3199,955.3
3200,954
3201,953.2
3202,952.4
3203,951.6
3204,950.8
3205,950.0
3206,949.2
3207,948.4
3208,947.6
3209,946.8
3210,946
3211,945.6
3212,945.2
3213,944.8
3214,944.4
3215,944.0
3216,943.6
3217,943.2
3218,942.8
3219,942.4
3220,942
3221,942.0
3222,942.0
3223,942.0
3224,942.0
3225,942.0
3226,942.0
3227,942.0
3228,942.0
3229,942.0
3230,942
3231,941.5
3232,941.0
3233,940.5
3234,940.0
3235,939.5
3236,939.0
3237,938.5
3238,938.0
3239,937.5
3240,937
3241,936.0
3242,935.0
3243,934.0
3244,933.0
3245,932.0
3246,931.0
3247,930.0
3248,929.0
3249,928.0
3250,927
3251,925.5
3252,924.0
3253,922.5
3254,921.0
3255,919.5
3256,918.0
3257,916.5
3258,915.0
3259,913.5
3260,912
3261,910.7
3262,909.4
3263,908.1
3264,906.8
3265,905.5
3266,904.2
3267,902.9
3268,901.6
3269,900.3
3270,899
3271,897.8
3272,896.6
3273,895.4
3274,894.2
3275,893.0
3276,891.8
3277,890.6
3278,889.4
3279,888.2
3280,887
3281,886.1
3282,885.2
3283,884.3
3284,883.4
3285,882.5
3286,881.6
3287,880.7
3288,879.8
3289,878.9
3290,878
3291,876.8
3292,875.6
3293,874.4
3294,873.2
3295,872.0
3296,870.8
3297,869.6
3298,868.4
3299,867.2
3300,866
3301,864.1
3302,862.2
3303,860.3
3304,858.4
3305,856.5
3306,854.6
3307,852.7
3308,850.8
3309,848.9
3310,847
3311,845.2
3312,843.4
3313,841.6
3314,839.8
3315,838.0
3316,836.2
3317,834.4
3318,832.6
3319,830.8
3320,829
3321,827.2
3322,825.4
3323,823.6
3324,821.8
3325,820.0
3326,818.2
3327,816.4
3328,814.6
3329,812.8
3330,811
3331,808.7
3332,806.4
3333,804.1
3334,801.8
3335,799.5
3336,797.2
3337,794.9
3338,792.6
3339,790.3
3340,788
3341,786.7
3342,785.4
3343,784.1
3344,782.8
3345,781.5
3346,780.2
3347,778.9
3348,777.6
3349,776.3
3350,775
3351,773.6
3352,772.2
3353,770.8
3354,769.4
3355,768.0
3356,766.6
3357,765.2
3358,763.8
3359,762.4
3360,761
3361,759.6
3362,758.2
3363,756.8
3364,755.4
3365,754.0
3366,752.6
3367,751.2
3368,749.8
3369,748.4
3370,747
3371,744.9
3372,742.8
3373,740.7
3374,738.6
3375,736.5
3376,734.4
3377,732.3
3378,730.2
3379,728.1
3380,726
3381,725.0
3382,724.0
3383,723.0
3384,722.0
3385,721.0
3386,720.0
3387,719.0
3388,718.0
3389,717.0
3390,716
3391,714.2
3392,712.4
3393,710.6
3394,708.8
3395,707.0
3396,705.2
3397,703.4
3398,701.6
3399,699.8
3400,698
3401,696.0
3402,694.0
3403,692.0
3404,690.0
3405,688.0
3406,686.0
3407,684.0
3408,682.0
3409,680.0
3410,678
3411,676.4
3412,674.8
3413,673.2
3414,671.6
3415,670.0
3416,668.4
3417,666.8
3418,665.2
3419,663.6
3420,662
3421,661.1
3422,660.2
3423,659.3
3424,658.4
3425,657.5
3426,656.6
3427,655.7
3428,654.8
3429,653.9
3430,653
3431,651.7
3432,650.4
3433,649.1
3434,647.8
3435,646.5
3436,645.2
3437,643.9
3438,642.6
3439,641.3
3440,640
3441,639.3
3442,638.6
3443,637.9
3444,637.2
3445,636.5
3446,635.8
3447,635.1
3448,634.4
3449,633.7
3450,633
3451,631.6
3452,630.2
3453,628.8
3454,627.4
3455,626.0
3456,624.6
3457,623.2
3458,621.8
3459,620.4
3460,619
3461,617.6
3462,616.2
3463,614.8
3464,613.4
3465,612.0
3466,610.6
3467,609.2
3468,607.8
3469,606.4
3470,605
3471,603.4
3472,601.8
3473,600.2
3474,598.6
3475,597.0
3476,595.4
3477,593.8
3478,592.2
3479,590.6
3480,589
3481,588.1
3482,587.2
3483,586.3
3484,585.4
3485,584.5
3486,583.6
3487,582.7
3488,581.8
3489,580.9
3490,580
3491,579.4
3492,578.8
3493,578.2
3494,577.6
3495,577.0
3496,576.4
3497,575.8
3498,575.2
3499,574.6
3500,574
3501,573.0
3502,572.0
3503,571.0
3504,570.0
3505,569.0
3506,568.0
3507,567.0
3508,566.0
3509,565.0
3510,564
3511,562.7
3512,561.4
3513,560.1
3514,558.8
3515,557.5
3516,556.2
3517,554.9
3518,553.6
3519,552.3
3520,551
3521,549.9
3522,548.8
3523,547.7
3524,546.6
3525,545.5
3526,544.4
3527,543.3
3528,542.2
3529,541.1
3530,540
3531,538.8
3532,537.6
3533,536.4
3534,535.2
3535,534.0
3536,532.8
3537,531.6
3538,530.4
3539,529.2
3540,528
3541,527.1
3542,526.2
3543,525.3
3544,524.4
3545,523.5
3546,522.6
3547,521.7
3548,520.8
3549,519.9
3550,519
3551,518.2
3552,517.4
3553,516.6
3554,515.8
3555,515.0
3556,514.2
3557,513.4
3558,512.6
3559,511.8
3560,511
3561,510.4
3562,509.8
3563,509.2
3564,508.6
3565,508.0
3566,507.4
3567,506.8
3568,506.2
3569,505.6
3570,505
3571,504.4
3572,503.8
3573,503.2
3574,502.6
3575,502.0
3576,501.4
3577,500.8
3578,500.2
3579,499.6
3580,499
3581,498.4
3582,497.8
3583,497.2
3584,496.6
3585,496.0
3586,495.4
3587,494.8
3588,494.2
3589,493.6
3590,493
3591,492.4
3592,491.8
3593,491.2
3594,490.6
3595,490.0
3596,489.4
3597,488.8
3598,488.2
3599,487.6
3600,487
3601,486.5
3602,486.0
3603,485.5
3604,485.0
3605,484.5
3606,484.0
3607,483.5
3608,483.0
3609,482.5
3610,482
3611,481.4
3612,480.8
3613,480.2
3614,479.6
3615,479.0
3616,478.4
3617,477.8
3618,477.2
3619,476.6
3620,476
3621,475.1
3622,474.2
3623,473.3
3624,472.4
3625,471.5
3626,470.6
3627,469.7
3628,468.8
3629,467.9
3630,467
3631,466.1
3632,465.2
3633,464.3
3634,463.4
3635,462.5
3636,461.6
3637,460.7
3638,459.8
3639,458.9
3640,458
3641,457.2
3642,456.4
3643,455.6
3644,454.8
3645,454.0
3646,453.2
3647,452.4
3648,451.6
3649,450.8
3650,450
3651,449.6
3652,449.2
3653,448.8
3654,448.4
3655,448.0
3656,447.6
3657,447.2
3658,446.8
3659,446.4
3660,446
3661,445.5
3662,445.0
3663,444.5
3664,444.0
3665,443.5
3666,443.0
3667,442.5
3668,442.0
3669,441.5
3670,441
3671,440.7
3672,440.4
3673,440.1
3674,439.8
3675,439.5
3676,439.2
3677,438.9
3678,438.6
3679,438.3
3680,438
3681,437.6
3682,437.2
3683,436.8
3684,436.4
3685,436.0
3686,435.6
3687,435.2
3688,434.8
3689,434.4
3690,434
3691,433.9
3692,433.8
3693,433.7
3694,433.6
3695,433.5
3696,433.4
3697,433.3
3698,433.2
3699,433.1
3700,433
3701,432.6
3702,432.2
3703,431.8
3704,431.4
3705,431.0
3706,430.6
3707,430.2
3708,429.8
3709,429.4
3710,429
3711,428.5
3712,428.0
3713,427.5
3714,427.0
3715,426.5
3716,426.0
3717,425.5
3718,425.0
3719,424.5
3720,424
3721,423.4
3722,422.8
3723,422.2
3724,421.6
3725,421.0
3726,420.4
3727,419.8
3728,419.2
3729,418.6
3730,418
3731,417.4
3732,416.8
3733,416.2
3734,415.6
3735,415.0
3736,414.4
3737,413.8
3738,413.2
3739,412.6
3740,412
3741,411.5
3742,411.0
3743,410.5
3744,410.0
3745,409.5
3746,409.0
3747,408.5
3748,408.0
3749,407.5
3750,407
3751,406.8
3752,406.6
3753,406.4
3754,406.2
3755,406.0
3756,405.8
3757,405.6
3758,405.4
3759,405.2
3760,405
3761,404.6
3762,404.2
3763,403.8
3764,403.4
3765,403.0
3766,402.6
3767,402.2
3768,401.8
3769,401.4
3770,401
3771,400.4
3772,399.8
3773,399.2
3774,398.6
3775,398.0
3776,397.4
3777,396.8
3778,396.2
3779,395.6
3780,395
3781,394.4
3782,393.8
3783,393.2
3784,392.6
3785,392.0
3786,391.4
3787,390.8
3788,390.2
3789,389.6
3790,389
3791,388.6
3792,388.2
3793,387.8
3794,387.4
3795,387.0
3796,386.6
3797,386.2
3798,385.8
3799,385.4
3800,385
3801,384.6
3802,384.2
3803,383.8
3804,383.4
3805,383.0
3806,382.6
3807,382.2
3808,381.8
3809,381.4
3810,381
3811,380.8
3812,380.6
3813,380.4
3814,380.2
3815,380.0
3816,379.8
3817,379.6
3818,379.4
3819,379.2
3820,379
3821,378.8
3822,378.6
3823,378.4
3824,378.2
3825,378.0
3826,377.8
3827,377.6
3828,377.4
3829,377.2
3830,377
3831,376.8
3832,376.6
3833,376.4
3834,376.2
3835,376.0
3836,375.8
3837,375.6
3838,375.4
3839,375.2
3840,375
3841,374.7
3842,374.4
3843,374.1
3844,373.8
3845,373.5
3846,373.2
3847,372.9
3848,372.6
3849,372.3
3850,372
3851,372.0
3852,372.0
3853,372.0
3854,372.0
3855,372.0
3856,372.0
3857,372.0
3858,372.0
3859,372.0
3860,372
3861,371.8
3862,371.6
3863,371.4
3864,371.2
3865,371.0
3866,370.8
3867,370.6
3868,370.4
3869,370.2
3870,370
3871,369.9
3872,369.8
3873,369.7
3874,369.6
3875,369.5
3876,369.4
3877,369.3
3878,369.2
3879,369.1
3880,369
3881,368.7
3882,368.4
3883,368.1
3884,367.8
3885,367.5
3886,367.2
3887,366.9
3888,366.6
3889,366.3
3890,366
3891,365.8
3892,365.6
3893,365.4
3894,365.2
3895,365.0
3896,364.8
3897,364.6
3898,364.4
3899,364.2
3900,364
3901,363.6
3902,363.2
3903,362.8
3904,362.4
3905,362.0
3906,361.6
3907,361.2
3908,360.8
3909,360.4
3910,360
3911,359.9
3912,359.8
3913,359.7
3914,359.6
3915,359.5
3916,359.4
3917,359.3
3918,359.2
3919,359.1
3920,359
3921,358.9
3922,358.8
3923,358.7
3924,358.6
3925,358.5
3926,358.4
3927,358.3
3928,358.2
3929,358.1
3930,358
3931,357.8
3932,357.6
3933,357.4
3934,357.2
3935,357.0
3936,356.8
3937,356.6
3938,356.4
3939,356.2
3940,356
3941,355.8
3942,355.6
3943,355.4
3944,355.2
3945,355.0
3946,354.8
3947,354.6
3948,354.4
3949,354.2
3950,354
3951,353.9
3952,353.8
3953,353.7
3954,353.6
3955,353.5
3956,353.4
3957,353.3
3958,353.2
3959,353.1
3960,353
3961,352.7
3962,352.4
3963,352.1
3964,351.8
3965,351.5
3966,351.2
3967,350.9
3968,350.6
3969,350.3
3970,350
3971,350.1
3972,350.2
3973,350.3
3974,350.4
3975,350.5
3976,350.6
3977,350.7
3978,350.8
3979,350.9
3980,351
3981,351.0
3982,351.0
3983,351.0
3984,351.0
3985,351.0
3986,351.0
3987,351.0
3988,351.0
3989,351.0
3990,351
3991,350.8
3992,350.6
3993,350.4
3994,350.2
3995,350.0
3996,349.8
3997,349.6
3998,349.4
3999,349.2
4000,349
4001,348.8
4002,348.6
4003,348.4
4004,348.2
4005,348.0
4006,347.8
4007,347.6
4008,347.4
4009,347.2
4010,347
4011,346.9
4012,346.8
4013,346.7
4014,346.6
4015,346.5
4016,346.4
4017,346.3
4018,346.2
4019,346.1
4020,346
4021,345.8
4022,345.6
4023,345.4
4024,345.2
4025,345.0
4026,344.8
4027,344.6
4028,344.4
4029,344.2
4030,344
4031,344.0
4032,344.0
4033,344.0
4034,344.0
4035,344.0
4036,344.0
4037,344.0
4038,344.0
4039,344.0
4040,344
4041,343.9
4042,343.8
4043,343.7
4044,343.6
4045,343.5
4046,343.4
4047,343.3
4048,343.2
4049,343.1
4050,343
4051,342.9
4052,342.8
4053,342.7
4054,342.6
4055,342.5
4056,342.4
4057,342.3
4058,342.2
4059,342.1
4060,342
4061,341.7
4062,341.4
4063,341.1
4064,340.8
4065,340.5
4066,340.2
4067,339.9
4068,339.6
4069,339.3
4070,339
4071,338.8
4072,338.6
4073,338.4
4074,338.2
4075,338.0
4076,337.8
4077,337.6
4078,337.4
4079,337.2
4080,337
4081,337.0
4082,337.0
4083,337.0
4084,337.0
4085,337.0
4086,337.0
4087,337.0
4088,337.0
4089,337.0
4090,337
4091,336.9
4092,336.8
4093,336.7
4094,336.6
4095,336.5
4096,336.4
4097,336.3
4098,336.2
4099,336.1
4100,336
4101,336.0
4102,336.0
4103,336.0
4104,336.0
4105,336.0
4106,336.0
4107,336.0
4108,336.0
4109,336.0
4110,336
4111,335.9
4112,335.8
4113,335.7
4114,335.6
4115,335.5
4116,335.4
4117,335.3
4118,335.2
4119,335.1
4120,335
4121,334.9
4122,334.8
4123,334.7
4124,334.6
4125,334.5
4126,334.4
4127,334.3
4128,334.2
4129,334.1
4130,334
4131,334.0
4132,334.0
4133,334.0
4134,334.0
4135,334.0
4136,334.0
4137,334.0
4138,334.0
4139,334.0
4140,334
4141,333.8
4142,333.6
4143,333.4
4144,333.2
4145,333.0
4146,332.8
4147,332.6
4148,332.4
4149,332.2
4150,332
4151,331.9
4152,331.8
4153,331.7
4154,331.6
4155,331.5
4156,331.4
4157,331.3
4158,331.2
4159,331.1
4160,331
4161,330.8
4162,330.6
4163,330.4
4164,330.2
4165,330.0
4166,329.8
4167,329.6
4168,329.4
4169,329.2
4170,329
4171,328.9
4172,328.8
4173,328.7
4174,328.6
4175,328.5
4176,328.4
4177,328.3
4178,328.2
4179,328.1
4180,328
4181,327.8
4182,327.6
4183,327.4
4184,327.2
4185,327.0
4186,326.8
4187,326.6
4188,326.4
4189,326.2
4190,326
4191,325.9
4192,325.8
4193,325.7
4194,325.6
4195,325.5
4196,325.4
4197,325.3
4198,325.2
4199,325.1
4200,325
4201,325.0
4202,325.0
4203,325.0
4204,325.0
4205,325.0
4206,325.0
4207,325.0
4208,325.0
4209,325.0
4210,325
4211,324.8
4212,324.6
4213,324.4
4214,324.2
4215,324.0
4216,323.8
4217,323.6
4218,323.4
4219,323.2
4220,323
4221,323.0
4222,323.0
4223,323.0
4224,323.0
4225,323.0
4226,323.0
4227,323.0
4228,323.0
4229,323.0
4230,323
4231,323.0
4232,323.0
4233,323.0
4234,323.0
4235,323.0
4236,323.0
4237,323.0
4238,323.0
4239,323.0
4240,323
4241,322.9
4242,322.8
4243,322.7
4244,322.6
4245,322.5
4246,322.4
4247,322.3
4248,322.2
4249,322.1
4250,322
4251,322.0
4252,322.0
4253,322.0
4254,322.0
4255,322.0
4256,322.0
4257,322.0
4258,322.0
4259,322.0
4260,322
4261,321.9
4262,321.8
4263,321.7
4264,321.6
4265,321.5
4266,321.4
4267,321.3
4268,321.2
4269,321.1
4270,321
4271,320.8
4272,320.6
4273,320.4
4274,320.2
4275,320.0
4276,319.8
4277,319.6
4278,319.4
4279,319.2
4280,319
4281,319.0
4282,319.0
4283,319.0
4284,319.0
4285,319.0
4286,319.0
4287,319.0
4288,319.0
4289,319.0
4290,319
4291,318.9
4292,318.8
4293,318.7
4294,318.6
4295,318.5
4296,318.4
4297,318.3
4298,318.2
4299,318.1
4300,318
4301,317.9
4302,317.8
4303,317.7
4304,317.6
4305,317.5
4306,317.4
4307,317.3
4308,317.2
4309,317.1
4310,317
4311,317.0
4312,317.0
4313,317.0
4314,317.0
4315,317.0
4316,317.0
4317,317.0
4318,317.0
4319,317.0
4320,317
4321,316.9
4322,316.8
4323,316.7
4324,316.6
4325,316.5
4326,316.4
4327,316.3
4328,316.2
4329,316.1
4330,316
4331,316.0
4332,316.0
4333,316.0
4334,316.0
4335,316.0
4336,316.0
4337,316.0
4338,316.0
4339,316.0
4340,316
4341,315.9
4342,315.8
4343,315.7
4344,315.6
4345,315.5
4346,315.4
4347,315.3
4348,315.2
4349,315.1
4350,315
4351,314.9
4352,314.8
4353,314.7
4354,314.6
4355,314.5
4356,314.4
4357,314.3
4358,314.2
4359,314.1
4360,314
4361,313.9
4362,313.8
4363,313.7
4364,313.6
4365,313.5
4366,313.4
4367,313.3
4368,313.2
4369,313.1
4370,313
4371,312.9
4372,312.8
4373,312.7
4374,312.6
4375,312.5
4376,312.4
4377,312.3
4378,312.2
4379,312.1
4380,312
4381,311.9
4382,311.8
4383,311.7
4384,311.6
4385,311.5
4386,311.4
4387,311.3
4388,311.2
4389,311.1
4390,311
4391,311.0
4392,311.0
4393,311.0
4394,311.0
4395,311.0
4396,311.0
4397,311.0
4398,311.0
4399,311.0
4400,311
4401,310.9
4402,310.8
4403,310.7
4404,310.6
4405,310.5
4406,310.4
4407,310.3
4408,310.2
4409,310.1
4410,310
4411,310.0
4412,310.0
4413,310.0
4414,310.0
4415,310.0
4416,310.0
4417,310.0
4418,310.0
4419,310.0
4420,310
4421,310.0
4422,310.0
4423,310.0
4424,310.0
4425,310.0
4426,310.0
4427,310.0
4428,310.0
4429,310.0
4430,310
4431,309.9
4432,309.8
4433,309.7
4434,309.6
4435,309.5
4436,309.4
4437,309.3
4438,309.2
4439,309.1
4440,309
4441,309.0
4442,309.0
4443,309.0
4444,309.0
4445,309.0
4446,309.0
4447,309.0
4448,309.0
4449,309.0
4450,309
4451,308.9
4452,308.8
4453,308.7
4454,308.6
4455,308.5
4456,308.4
4457,308.3
4458,308.2
4459,308.1
4460,308
4461,308.0
4462,308.0
4463,308.0
4464,308.0
4465,308.0
4466,308.0
4467,308.0
4468,308.0
4469,308.0
4470,308
4471,307.9
4472,307.8
4473,307.7
4474,307.6
4475,307.5
4476,307.4
4477,307.3
4478,307.2
4479,307.1
4480,307
4481,307.0
4482,307.0
4483,307.0
4484,307.0
4485,307.0
4486,307.0
4487,307.0
4488,307.0
4489,307.0
4490,307
4491,306.9
4492,306.8
4493,306.7
4494,306.6
4495,306.5
4496,306.4
4497,306.3
4498,306.2
4499,306.1
4500,306
4501,306.0
4502,306.0
4503,306.0
4504,306.0
4505,306.0
4506,306.0
4507,306.0
4508,306.0
4509,306.0
4510,306
4511,305.9
4512,305.8
4513,305.7
4514,305.6
4515,305.5
4516,305.4
4517,305.3
4518,305.2
4519,305.1
4520,305
4521,305.0
4522,305.0
4523,305.0
4524,305.0
4525,305.0
4526,305.0
4527,305.0
4528,305.0
4529,305.0
4530,305
4531,304.9
4532,304.8
4533,304.7
4534,304.6
4535,304.5
4536,304.4
4537,304.3
4538,304.2
4539,304.1
4540,304
4541,304.0
4542,304.0
4543,304.0
4544,304.0
4545,304.0
4546,304.0
4547,304.0
4548,304.0
4549,304.0
4550,304
4551,304.0
4552,304.0
4553,304.0
4554,304.0
4555,304.0
4556,304.0
4557,304.0
4558,304.0
4559,304.0
4560,304
4561,303.9
4562,303.8
4563,303.7
4564,303.6
4565,303.5
4566,303.4
4567,303.3
4568,303.2
4569,303.1
4570,303
4571,302.9
4572,302.8
4573,302.7
4574,302.6
4575,302.5
4576,302.4
4577,302.3
4578,302.2
4579,302.1
4580,302
4581,301.8
4582,301.6
4583,301.4
4584,301.2
4585,301.0
4586,300.8
4587,300.6
4588,300.4
4589,300.2
4590,300
4591,300.1
4592,300.2
4593,300.3
4594,300.4
4595,300.5
4596,300.6
4597,300.7
4598,300.8
4599,300.9
4600,301
4601,301.0
4602,301.0
4603,301.0
4604,301.0
4605,301.0
4606,301.0
4607,301.0
4608,301.0
4609,301.0
4610,301
4611,301.0
4612,301.0
4613,301.0
4614,301.0
4615,301.0
4616,301.0
4617,301.0
4618,301.0
4619,301.0
4620,301
4621,300.9
4622,300.8
4623,300.7
4624,300.6
4625,300.5
4626,300.4
4627,300.3
4628,300.2
4629,300.1
4630,300
4631,300.0
4632,300.0
4633,300.0
4634,300.0
4635,300.0
4636,300.0
4637,300.0
4638,300.0
4639,300.0
4640,300
4641,299.9
4642,299.8
4643,299.7
4644,299.6
4645,299.5
4646,299.4
4647,299.3
4648,299.2
4649,299.1
4650,299
4651,299.0
4652,299.0
4653,299.0
4654,299.0
4655,299.0
4656,299.0
4657,299.0
4658,299.0
4659,299.0
4660,299
4661,298.9
4662,298.8
4663,298.7
4664,298.6
4665,298.5
4666,298.4
4667,298.3
4668,298.2
4669,298.1
4670,298
4671,298.0
4672,298.0
4673,298.0
4674,298.0
4675,298.0
4676,298.0
4677,298.0
4678,298.0
4679,298.0
4680,298
4681,298.1
4682,298.2
4683,298.3
4684,298.4
4685,298.5
4686,298.6
4687,298.7
4688,298.8
4689,298.9
4690,299
4691,298.9
4692,298.8
4693,298.7
4694,298.6
4695,298.5
4696,298.4
4697,298.3
4698,298.2
4699,298.1
4700,298
4701,298.0
4702,298.0
4703,298.0
4704,298.0
4705,298.0
4706,298.0
4707,298.0
4708,298.0
4709,298.0
4710,298
4711,297.9
4712,297.8
4713,297.7
4714,297.6
4715,297.5
4716,297.4
4717,297.3
4718,297.2
4719,297.1
4720,297
4721,296.9
4722,296.8
4723,296.7
4724,296.6
4725,296.5
4726,296.4
4727,296.3
4728,296.2
4729,296.1
4730,296
4731,296.0
4732,296.0
4733,296.0
4734,296.0
4735,296.0
4736,296.0
4737,296.0
4738,296.0
4739,296.0
4740,296
4741,296.1
4742,296.2
4743,296.3
4744,296.4
4745,296.5
4746,296.6
4747,296.7
4748,296.8
4749,296.9
4750,297
4751,296.9
4752,296.8
4753,296.7
4754,296.6
4755,296.5
4756,296.4
4757,296.3
4758,296.2
4759,296.1
4760,296
4761,296.1
4762,296.2
4763,296.3
4764,296.4
4765,296.5
4766,296.6
4767,296.7
4768,296.8
4769,296.9
4770,297
4771,297.0
4772,297.0
4773,297.0
4774,297.0
4775,297.0
4776,297.0
4777,297.0
4778,297.0
4779,297.0
4780,297
4781,297.1
4782,297.2
4783,297.3
4784,297.4
4785,297.5
4786,297.6
4787,297.7
4788,297.8
4789,297.9
4790,298
4791,297.9
4792,297.8
4793,297.7
4794,297.6
4795,297.5
4796,297.4
4797,297.3
4798,297.2
4799,297.1
4800,297
4801,297.0
4802,297.0
4803,297.0
4804,297.0
4805,297.0
4806,297.0
4807,297.0
4808,297.0
4809,297.0
4810,297
4811,297.0
4812,297.0
4813,297.0
4814,297.0
4815,297.0
4816,297.0
4817,297.0
4818,297.0
4819,297.0
4820,297
4821,296.9
4822,296.8
4823,296.7
4824,296.6
4825,296.5
4826,296.4
4827,296.3
4828,296.2
4829,296.1
4830,296
4831,295.9
4832,295.8
4833,295.7
4834,295.6
4835,295.5
4836,295.4
4837,295.3
4838,295.2
4839,295.1
4840,295
4841,295.0
4842,295.0
4843,295.0
4844,295.0
4845,295.0
4846,295.0
4847,295.0
4848,295.0
4849,295.0
4850,295
4851,295.0
4852,295.0
4853,295.0
4854,295.0
4855,295.0
4856,295.0
4857,295.0
4858,295.0
4859,295.0
4860,295
4861,294.9
4862,294.8
4863,294.7
4864,294.6
4865,294.5
4866,294.4
4867,294.3
4868,294.2
4869,294.1
4870,294
4871,293.9
4872,293.8
4873,293.7
4874,293.6
4875,293.5
4876,293.4
4877,293.3
4878,293.2
4879,293.1
4880,293
4881,293.0
4882,293.0
4883,293.0
4884,293.0
4885,293.0
4886,293.0
4887,293.0
4888,293.0
4889,293.0
4890,293
4891,293.0
4892,293.0
4893,293.0
4894,293.0
4895,293.0
4896,293.0
4897,293.0
4898,293.0
4899,293.0
4900,293
4901,293.0
4902,293.0
4903,293.0
4904,293.0
4905,293.0
4906,293.0
4907,293.0
4908,293.0
4909,293.0
4910,293
4911,292.9
4912,292.8
4913,292.7
4914,292.6
4915,292.5
4916,292.4
4917,292.3
4918,292.2
4919,292.1
4920,292
4921,292.0
4922,292.0
4923,292.0
4924,292.0
4925,292.0
4926,292.0
4927,292.0
4928,292.0
4929,292.0
4930,292
4931,292.0
4932,292.0
4933,292.0
4934,292.0
4935,292.0
4936,292.0
4937,292.0
4938,292.0
4939,292.0
4940,292
4941,292.0
4942,292.0
4943,292.0
4944,292.0
4945,292.0
4946,292.0
4947,292.0
4948,292.0
4949,292.0
4950,292
4951,292.0
4952,292.0
4953,292.0
4954,292.0
4955,292.0
4956,292.0
4957,292.0
4958,292.0
4959,292.0
4960,292
4961,292.0
4962,292.0
4963,292.0
4964,292.0
4965,292.0
4966,292.0
4967,292.0
4968,292.0
4969,292.0
4970,292
4971,292.0
4972,292.0
4973,292.0
4974,292.0
4975,292.0
4976,292.0
4977,292.0
4978,292.0
4979,292.0
4980,292
4981,292.0
4982,292.0
4983,292.0
4984,292.0
4985,292.0
4986,292.0
4987,292.0
4988,292.0
4989,292.0
4990,292
4991,292.0
4992,292.0
4993,292.0
4994,292.0
4995,292.0
4996,292.0
4997,292.0
4998,292.0
4999,292.0
5000,292
5001,292.0
5002,292.0
5003,292.0
5004,292.0
5005,292.0
5006,292.0
5007,292.0
5008,292.0
5009,292.0
5010,292
5011,292.0
5012,292.0
5013,292.0
5014,292.0
5015,292.0
5016,292.0
5017,292.0
5018,292.0
5019,292.0
5020,292
5021,291.9
5022,291.8
5023,291.7
5024,291.6
5025,291.5
5026,291.4
5027,291.3
5028,291.2
5029,291.1
5030,291
5031,291.1
5032,291.2
5033,291.3
5034,291.4
5035,291.5
5036,291.6
5037,291.7
5038,291.8
5039,291.9
5040,292
5041,291.9
5042,291.8
5043,291.7
5044,291.6
5045,291.5
5046,291.4
5047,291.3
5048,291.2
5049,291.1
5050,291
5051,291.0
5052,291.0
5053,291.0
5054,291.0
5055,291.0
5056,291.0
5057,291.0
5058,291.0
5059,291.0
5060,291
5061,291.0
5062,291.0
5063,291.0
5064,291.0
5065,291.0
5066,291.0
5067,291.0
5068,291.0
5069,291.0
5070,291
5071,290.9
5072,290.8
5073,290.7
5074,290.6
5075,290.5
5076,290.4
5077,290.3
5078,290.2
5079,290.1
5080,290
5081,290.0
5082,290.0
5083,290.0
5084,290.0
5085,290.0
5086,290.0
5087,290.0
5088,290.0
5089,290.0
5090,290
5091,289.9
5092,289.8
5093,289.7
5094,289.6
5095,289.5
5096,289.4
5097,289.3
5098,289.2
5099,289.1
5100,289
5101,289.0
5102,289.0
5103,289.0
5104,289.0
5105,289.0
5106,289.0
5107,289.0
5108,289.0
5109,289.0
5110,289
5111,289.0
5112,289.0
5113,289.0
5114,289.0
5115,289.0
5116,289.0
5117,289.0
5118,289.0
5119,289.0
5120,289
5121,289.0
5122,289.0
5123,289.0
5124,289.0
5125,289.0
5126,289.0
5127,289.0
5128,289.0
5129,289.0
5130,289
5131,289.0
5132,289.0
5133,289.0
5134,289.0
5135,289.0
5136,289.0
5137,289.0
5138,289.0
5139,289.0
5140,289
5141,289.0
5142,289.0
5143,289.0
5144,289.0
5145,289.0
5146,289.0
5147,289.0
5148,289.0
5149,289.0
5150,289
5151,289.0
5152,289.0
5153,289.0
5154,289.0
5155,289.0
5156,289.0
5157,289.0
5158,289.0
5159,289.0
5160,289
5161,289.0
5162,289.0
5163,289.0
5164,289.0
5165,289.0
5166,289.0
5167,289.0
5168,289.0
5169,289.0
5170,289
5171,289.0
5172,289.0
5173,289.0
5174,289.0
5175,289.0
5176,289.0
5177,289.0
5178,289.0
5179,289.0
5180,289
5181,288.9
5182,288.8
5183,288.7
5184,288.6
5185,288.5
5186,288.4
5187,288.3
5188,288.2
5189,288.1
5190,288
5191,288.0
5192,288.0
5193,288.0
5194,288.0
5195,288.0
5196,288.0
5197,288.0
5198,288.0
5199,288.0
5200,288
5201,288.0
5202,288.0
5203,288.0
5204,288.0
5205,288.0
5206,288.0
5207,288.0
5208,288.0
5209,288.0
5210,288
5211,288.0
5212,288.0
5213,288.0
5214,288.0
5215,288.0
5216,288.0
5217,288.0
5218,288.0
5219,288.0
5220,288
5221,288.0
5222,288.0
5223,288.0
5224,288.0
5225,288.0
5226,288.0
5227,288.0
5228,288.0
5229,288.0
5230,288
5231,288.0
5232,288.0
5233,288.0
5234,288.0
5235,288.0
5236,288.0
5237,288.0
5238,288.0
5239,288.0
5240,288
5241,287.9
5242,287.8
5243,287.7
5244,287.6
5245,287.5
5246,287.4
5247,287.3
5248,287.2
5249,287.1
5250,287
5251,287.0
5252,287.0
5253,287.0
5254,287.0
5255,287.0
5256,287.0
5257,287.0
5258,287.0
5259,287.0
5260,287
5261,287.0
5262,287.0
5263,287.0
5264,287.0
5265,287.0
5266,287.0
5267,287.0
5268,287.0
5269,287.0
5270,287
5271,287.0
5272,287.0
5273,287.0
5274,287.0
5275,287.0
5276,287.0
5277,287.0
5278,287.0
5279,287.0
5280,287
5281,287.0
5282,287.0
5283,287.0
5284,287.0
5285,287.0
5286,287.0
5287,287.0
5288,287.0
5289,287.0
5290,287
5291,286.9
5292,286.8
5293,286.7
5294,286.6
5295,286.5
5296,286.4
5297,286.3
5298,286.2
5299,286.1
5300,286
5301,286.0
5302,286.0
5303,286.0
5304,286.0
5305,286.0
5306,286.0
5307,286.0
5308,286.0
5309,286.0
5310,286
5311,286.0
5312,286.0
5313,286.0
5314,286.0
5315,286.0
5316,286.0
5317,286.0
5318,286.0
5319,286.0
5320,286
5321,286.0
5322,286.0
5323,286.0
5324,286.0
5325,286.0
5326,286.0
5327,286.0
5328,286.0
5329,286.0
5330,286
5331,286.0
5332,286.0
5333,286.0
5334,286.0
5335,286.0
5336,286.0
5337,286.0
5338,286.0
5339,286.0
5340,286
5341,285.9
5342,285.8
5343,285.7
5344,285.6
5345,285.5
5346,285.4
5347,285.3
5348,285.2
5349,285.1
5350,285
5351,285.0
5352,285.0
5353,285.0
5354,285.0
5355,285.0
5356,285.0
5357,285.0
5358,285.0
5359,285.0
5360,285
5361,285.0
5362,285.0
5363,285.0
5364,285.0
5365,285.0
5366,285.0
5367,285.0
5368,285.0
5369,285.0
5370,285
5371,285.0
5372,285.0
5373,285.0
5374,285.0
5375,285.0
5376,285.0
5377,285.0
5378,285.0
5379,285.0
5380,285
5381,284.9
5382,284.8
5383,284.7
5384,284.6
5385,284.5
5386,284.4
5387,284.3
5388,284.2
5389,284.1
5390,284
5391,284.0
5392,284.0
5393,284.0
5394,284.0
5395,284.0
5396,284.0
5397,284.0
5398,284.0
5399,284.0
5400,284
5401,284.0
5402,284.0
5403,284.0
5404,284.0
5405,284.0
5406,284.0
5407,284.0
5408,284.0
5409,284.0
5410,284
5411,284.0
5412,284.0
5413,284.0
5414,284.0
5415,284.0
5416,284.0
5417,284.0
5418,284.0
5419,284.0
5420,284
5421,284.0
5422,284.0
5423,284.0
5424,284.0
5425,284.0
5426,284.0
5427,284.0
5428,284.0
5429,284.0
5430,284
5431,284.0
5432,284.0
5433,284.0
5434,284.0
5435,284.0
5436,284.0
5437,284.0
5438,284.0
5439,284.0
5440,284
5441,284.0
5442,284.0
5443,284.0
5444,284.0
5445,284.0
5446,284.0
5447,284.0
5448,284.0
5449,284.0
5450,284
5451,284.0
5452,284.0
5453,284.0
5454,284.0
5455,284.0
5456,284.0
5457,284.0
5458,284.0
5459,284.0
5460,284
5461,284.0
5462,284.0
5463,284.0
5464,284.0
5465,284.0
5466,284.0
5467,284.0
5468,284.0
5469,284.0
5470,284
5471,284.0
5472,284.0
5473,284.0
5474,284.0
5475,284.0
5476,284.0
5477,284.0
5478,284.0
5479,284.0
5480,284
5481,284.0
5482,284.0
5483,284.0
5484,284.0
5485,284.0
5486,284.0
5487,284.0
5488,284.0
5489,284.0
5490,284
5491,284.0
5492,284.0
5493,284.0
5494,284.0
5495,284.0
5496,284.0
5497,284.0
5498,284.0
5499,284.0
5500,284
5501,284.0
5502,284.0
5503,284.0
5504,284.0
5505,284.0
5506,284.0
5507,284.0
5508,284.0
5509,284.0
5510,284
5511,284.0
5512,284.0
5513,284.0
5514,284.0
5515,284.0
5516,284.0
5517,284.0
5518,284.0
5519,284.0
5520,284
5521,284.0
5522,284.0
5523,284.0
5524,284.0
5525,284.0
5526,284.0
5527,284.0
5528,284.0
5529,284.0
5530,284
5531,283.9
5532,283.8
5533,283.7
5534,283.6
5535,283.5
5536,283.4
5537,283.3
5538,283.2
5539,283.1
5540,283
5541,283.0
5542,283.0
5543,283.0
5544,283.0
5545,283.0
5546,283.0
5547,283.0
5548,283.0
5549,283.0
5550,283
5551,283.0
5552,283.0
5553,283.0
5554,283.0
5555,283.0
5556,283.0
5557,283.0
5558,283.0
5559,283.0
5560,283
5561,283.0
5562,283.0
5563,283.0
5564,283.0
5565,283.0
5566,283.0
5567,283.0
5568,283.0
5569,283.0
5570,283
5571,283.0
5572,283.0
5573,283.0
5574,283.0
5575,283.0
5576,283.0
5577,283.0
5578,283.0
5579,283.0
5580,283
5581,282.9
5582,282.8
5583,282.7
5584,282.6
5585,282.5
5586,282.4
5587,282.3
5588,282.2
5589,282.1
5590,282
5591,282.1
5592,282.2
5593,282.3
5594,282.4
5595,282.5
5596,282.6
5597,282.7
5598,282.8
5599,282.9
5600,283
5601,282.9
5602,282.8
5603,282.7
5604,282.6
5605,282.5
5606,282.4
5607,282.3
5608,282.2
5609,282.1
5610,282
5611,282.0
5612,282.0
5613,282.0
5614,282.0
5615,282.0
5616,282.0
5617,282.0
5618,282.0
5619,282.0
5620,282
5621,282.0
5622,282.0
5623,282.0
5624,282.0
5625,282.0
5626,282.0
5627,282.0
5628,282.0
5629,282.0
5630,282
5631,282.0
5632,282.0
5633,282.0
5634,282.0
5635,282.0
5636,282.0
5637,282.0
5638,282.0
5639,282.0
5640,282
5641,282.0
5642,282.0
5643,282.0
5644,282.0
5645,282.0
5646,282.0
5647,282.0
5648,282.0
5649,282.0
5650,282
5651,281.9
5652,281.8
5653,281.7
5654,281.6
5655,281.5
5656,281.4
5657,281.3
5658,281.2
5659,281.1
5660,281
5661,281.0
5662,281.0
5663,281.0
5664,281.0
5665,281.0
5666,281.0
5667,281.0
5668,281.0
5669,281.0
5670,281
5671,281.0
5672,281.0
5673,281.0
5674,281.0
5675,281.0
5676,281.0
5677,281.0
5678,281.0
5679,281.0
5680,281
5681,281.0
5682,281.0
5683,281.0
5684,281.0
5685,281.0
5686,281.0
5687,281.0
5688,281.0
5689,281.0
5690,281
5691,281.0
5692,281.0
5693,281.0
5694,281.0
5695,281.0
5696,281.0
5697,281.0
5698,281.0
5699,281.0
5700,281
5701,281.0
5702,281.0
5703,281.0
5704,281.0
5705,281.0
5706,281.0
5707,281.0
5708,281.0
5709,281.0
5710,281
5711,281.0
5712,281.0
5713,281.0
5714,281.0
5715,281.0
5716,281.0
5717,281.0
5718,281.0
5719,281.0
5720,281
5721,281.0
5722,281.0
5723,281.0
5724,281.0
5725,281.0
5726,281.0
5727,281.0
5728,281.0
5729,281.0
5730,281
5731,281.0
5732,281.0
5733,281.0
5734,281.0
5735,281.0
5736,281.0
5737,281.0
5738,281.0
5739,281.0
5740,281
5741,281.0
5742,281.0
5743,281.0
5744,281.0
5745,281.0
5746,281.0
5747,281.0
5748,281.0
5749,281.0
5750,281
5751,281.0
5752,281.0
5753,281.0
5754,281.0
5755,281.0
5756,281.0
5757,281.0
5758,281.0
5759,281.0
5760,281
5761,281.0
5762,281.0
5763,281.0
5764,281.0
5765,281.0
5766,281.0
5767,281.0
5768,281.0
5769,281.0
5770,281
5771,281.0
5772,281.0
5773,281.0
5774,281.0
5775,281.0
5776,281.0
5777,281.0
5778,281.0
5779,281.0
5780,281
5781,281.0
5782,281.0
5783,281.0
5784,281.0
5785,281.0
5786,281.0
5787,281.0
5788,281.0
5789,281.0
5790,281
5791,280.9
5792,280.8
5793,280.7
5794,280.6
5795,280.5
5796,280.4
5797,280.3
5798,280.2
5799,280.1
5800,280
5801,280.0
5802,280.0
5803,280.0
5804,280.0
5805,280.0
5806,280.0
5807,280.0
5808,280.0
5809,280.0
5810,280
5811,280.0
5812,280.0
5813,280.0
5814,280.0
5815,280.0
5816,280.0
5817,280.0
5818,280.0
5819,280.0
5820,280
5821,280.0
5822,280.0
5823,280.0
5824,280.0
5825,280.0
5826,280.0
5827,280.0
5828,280.0
5829,280.0
5830,280
5831,280.0
5832,280.0
5833,280.0
5834,280.0
5835,280.0
5836,280.0
5837,280.0
5838,280.0
5839,280.0
5840,280
5841,280.0
5842,280.0
5843,280.0
5844,280.0
5845,280.0
5846,280.0
5847,280.0
5848,280.0
5849,280.0
5850,280
5851,280.0
5852,280.0
5853,280.0
5854,280.0
5855,280.0
5856,280.0
5857,280.0
5858,280.0
5859,280.0
5860,280
5861,279.9
5862,279.8
5863,279.7
5864,279.6
5865,279.5
5866,279.4
5867,279.3
5868,279.2
5869,279.1
5870,279
5871,279.0
5872,279.0
5873,279.0
5874,279.0
5875,279.0
5876,279.0
5877,279.0
5878,279.0
5879,279.0
5880,279
5881,278.9
5882,278.8
5883,278.7
5884,278.6
5885,278.5
5886,278.4
5887,278.3
5888,278.2
5889,278.1
5890,278
5891,278.0
5892,278.0
5893,278.0
5894,278.0
5895,278.0
5896,278.0
5897,278.0
5898,278.0
5899,278.0
5900,278
5901,278.1
5902,278.2
5903,278.3
5904,278.4
5905,278.5
5906,278.6
5907,278.7
5908,278.8
5909,278.9
5910,279
5911,278.9
5912,278.8
5913,278.7
5914,278.6
5915,278.5
5916,278.4
5917,278.3
5918,278.2
5919,278.1
5920,278
5921,278.0
5922,278.0
5923,278.0
5924,278.0
5925,278.0
5926,278.0
5927,278.0
5928,278.0
5929,278.0
5930,278
5931,278.0
5932,278.0
5933,278.0
5934,278.0
5935,278.0
5936,278.0
5937,278.0
5938,278.0
5939,278.0
5940,278
5941,278.0
5942,278.0
5943,278.0
5944,278.0
5945,278.0
5946,278.0
5947,278.0
5948,278.0
5949,278.0
5950,278
5951,278.0
5952,278.0
5953,278.0
5954,278.0
5955,278.0
5956,278.0
5957,278.0
5958,278.0
5959,278.0
5960,278
5961,278.0
5962,278.0
5963,278.0
5964,278.0
5965,278.0
5966,278.0
5967,278.0
5968,278.0
5969,278.0
5970,278
5971,278.0
5972,278.0
5973,278.0
5974,278.0
5975,278.0
5976,278.0
5977,278.0
5978,278.0
5979,278.0
5980,278
5981,278.0
5982,278.0
5983,278.0
5984,278.0
5985,278.0
5986,278.0
5987,278.0
5988,278.0
5989,278.0
5990,278
5991,278.0
5992,278.0
5993,278.0
5994,278.0
5995,278.0
5996,278.0
5997,278.0
5998,278.0
5999,278.0
6000,278
6001,278.0
6002,278.0
6003,278.0
6004,278.0
6005,278.0
6006,278.0
6007,278.0
6008,278.0
6009,278.0
6010,278
6011,278.0
6012,278.0
6013,278.0
6014,278.0
6015,278.0
6016,278.0
6017,278.0
6018,278.0
6019,278.0
6020,278
6021,278.0
6022,278.0
6023,278.0
6024,278.0
6025,278.0
6026,278.0
6027,278.0
6028,278.0
6029,278.0
6030,278
6031,278.0
6032,278.0
6033,278.0
6034,278.0
6035,278.0
6036,278.0
6037,278.0
6038,278.0
6039,278.0
6040,278
6041,278.0
6042,278.0
6043,278.0
6044,278.0
6045,278.0
6046,278.0
6047,278.0
6048,278.0
6049,278.0
6050,278
6051,278.0
6052,278.0
6053,278.0
6054,278.0
6055,278.0
6056,278.0
6057,278.0
6058,278.0
6059,278.0
6060,278
6061,278.0
6062,278.0
6063,278.0
6064,278.0
6065,278.0
6066,278.0
6067,278.0
6068,278.0
6069,278.0
6070,278
6071,278.0
6072,278.0
6073,278.0
6074,278.0
6075,278.0
6076,278.0
6077,278.0
6078,278.0
6079,278.0
6080,278
6081,278.0
6082,278.0
6083,278.0
6084,278.0
6085,278.0
6086,278.0
6087,278.0
6088,278.0
6089,278.0
6090,278
6091,278.0
6092,278.0
6093,278.0
6094,278.0
6095,278.0
6096,278.0
6097,278.0
6098,278.0
6099,278.0
6100,278
6101,278.0
6102,278.0
6103,278.0
6104,278.0
6105,278.0
6106,278.0
6107,278.0
6108,278.0
6109,278.0
6110,278
6111,278.0
6112,278.0
6113,278.0
6114,278.0
6115,278.0
6116,278.0
6117,278.0
6118,278.0
6119,278.0
6120,278
6121,278.0
6122,278.0
6123,278.0
6124,278.0
6125,278.0
6126,278.0
6127,278.0
6128,278.0
6129,278.0
6130,278
6131,278.0
6132,278.0
6133,278.0
6134,278.0
6135,278.0
6136,278.0
6137,278.0
6138,278.0
6139,278.0
6140,278
6141,278.0
6142,278.0
6143,278.0
6144,278.0
6145,278.0
6146,278.0
6147,278.0
6148,278.0
6149,278.0
6150,278
6151,278.0
6152,278.0
6153,278.0
6154,278.0
6155,278.0
6156,278.0
6157,278.0
6158,278.0
6159,278.0
6160,278
6161,278.0
6162,278.0
6163,278.0
6164,278.0
6165,278.0
6166,278.0
6167,278.0
6168,278.0
6169,278.0
6170,278
6171,278.0
6172,278.0
6173,278.0
6174,278.0
6175,278.0
6176,278.0
6177,278.0
6178,278.0
6179,278.0
6180,278
6181,278.0
6182,278.0
6183,278.0
6184,278.0
6185,278.0
6186,278.0
6187,278.0
6188,278.0
6189,278.0
6190,278
6191,278.0
6192,278.0
6193,278.0
6194,278.0
6195,278.0
6196,278.0
6197,278.0
6198,278.0
6199,278.0
6200,278
6201,278.0
6202,278.0
6203,278.0
6204,278.0
6205,278.0
6206,278.0
6207,278.0
6208,278.0
6209,278.0
6210,278
6211,278.0
6212,278.0
6213,278.0
6214,278.0
6215,278.0
6216,278.0
6217,278.0
6218,278.0
6219,278.0
6220,278
6221,278.0
6222,278.0
6223,278.0
6224,278.0
6225,278.0
6226,278.0
6227,278.0
6228,278.0
6229,278.0
6230,278
6231,278.0
6232,278.0
6233,278.0
6234,278.0
6235,278.0
6236,278.0
6237,278.0
6238,278.0
6239,278.0
6240,278
6241,278.0
6242,278.0
6243,278.0
6244,278.0
6245,278.0
6246,278.0
6247,278.0
6248,278.0
6249,278.0
6250,278
6251,278.0
6252,278.0
6253,278.0
6254,278.0
6255,278.0
6256,278.0
6257,278.0
6258,278.0
6259,278.0
6260,278
6261,278.0
6262,278.0
6263,278.0
6264,278.0
6265,278.0
6266,278.0
6267,278.0
6268,278.0
6269,278.0
6270,278
6271,278.0
6272,278.0
6273,278.0
6274,278.0
6275,278.0
6276,278.0
6277,278.0
6278,278.0
6279,278.0
6280,278
6281,278.0
6282,278.0
6283,278.0
6284,278.0
6285,278.0
6286,278.0
6287,278.0
6288,278.0
6289,278.0
6290,278
6291,278.0
6292,278.0
6293,278.0
6294,278.0
6295,278.0
6296,278.0
6297,278.0
6298,278.0
6299,278.0
6300,278
6301,278.0
6302,278.0
6303,278.0
6304,278.0
6305,278.0
6306,278.0
6307,278.0
6308,278.0
6309,278.0
6310,278
6311,278.0
6312,278.0
6313,278.0
6314,278.0
6315,278.0
6316,278.0
6317,278.0
6318,278.0
6319,278.0
6320,278
6321,278.0
6322,278.0
6323,278.0
6324,278.0
6325,278.0
6326,278.0
6327,278.0
6328,278.0
6329,278.0
6330,278
6331,278.0
6332,278.0
6333,278.0
6334,278.0
6335,278.0
6336,278.0
6337,278.0
6338,278.0
6339,278.0
6340,278
6341,278.0
6342,278.0
6343,278.0
6344,278.0
6345,278.0
6346,278.0
6347,278.0
6348,278.0
6349,278.0
6350,278
6351,278.0
6352,278.0
6353,278.0
6354,278.0
6355,278.0
6356,278.0
6357,278.0
6358,278.0
6359,278.0
6360,278
6361,278.0
6362,278.0
6363,278.0
6364,278.0
6365,278.0
6366,278.0
6367,278.0
6368,278.0
6369,278.0
6370,278
6371,278.0
6372,278.0
6373,278.0
6374,278.0
6375,278.0
6376,278.0
6377,278.0
6378,278.0
6379,278.0
6380,278
6381,278.0
6382,278.0
6383,278.0
6384,278.0
6385,278.0
6386,278.0
6387,278.0
6388,278.0
6389,278.0
6390,278
6391,278.0
6392,278.0
6393,278.0
6394,278.0
6395,278.0
6396,278.0
6397,278.0
6398,278.0
6399,278.0
6400,278
6401,278.0
6402,278.0
6403,278.0
6404,278.0
6405,278.0
6406,278.0
6407,278.0
6408,278.0
6409,278.0
6410,278
6411,278.0
6412,278.0
6413,278.0
6414,278.0
6415,278.0
6416,278.0
6417,278.0
6418,278.0
6419,278.0
6420,278
6421,278.0
6422,278.0
6423,278.0
6424,278.0
6425,278.0
6426,278.0
6427,278.0
6428,278.0
6429,278.0
6430,278
6431,278.0
6432,278.0
6433,278.0
6434,278.0
6435,278.0
6436,278.0
6437,278.0
6438,278.0
6439,278.0
6440,278
6441,278.0
6442,278.0
6443,278.0
6444,278.0
6445,278.0
6446,278.0
6447,278.0
6448,278.0
6449,278.0
6450,278
6451,277.9
6452,277.8
6453,277.7
6454,277.6
6455,277.5
6456,277.4
6457,277.3
6458,277.2
6459,277.1
6460,277
6461,277.0
6462,277.0
6463,277.0
6464,277.0
6465,277.0
6466,277.0
6467,277.0
6468,277.0
6469,277.0
6470,277
6471,277.0
6472,277.0
6473,277.0
6474,277.0
6475,277.0
6476,277.0
6477,277.0
6478,277.0
6479,277.0
6480,277
6481,277.0
6482,277.0
6483,277.0
6484,277.0
6485,277.0
6486,277.0
6487,277.0
6488,277.0
6489,277.0
6490,277
6491,277.0
6492,277.0
6493,277.0
6494,277.0
6495,277.0
6496,277.0
6497,277.0
6498,277.0
6499,277.0
6500,277
6501,277.0
6502,277.0
6503,277.0
6504,277.0
6505,277.0
6506,277.0
6507,277.0
6508,277.0
6509,277.0
6510,277
6511,277.0
6512,277.0
6513,277.0
6514,277.0
6515,277.0
6516,277.0
6517,277.0
6518,277.0
6519,277.0
6520,277
6521,277.0
6522,277.0
6523,277.0
6524,277.0
6525,277.0
6526,277.0
6527,277.0
6528,277.0
6529,277.0
6530,277
6531,277.0
6532,277.0
6533,277.0
6534,277.0
6535,277.0
6536,277.0
6537,277.0
6538,277.0
6539,277.0
6540,277
6541,277.0
6542,277.0
6543,277.0
6544,277.0
6545,277.0
6546,277.0
6547,277.0
6548,277.0
6549,277.0
6550,277
6551,277.0
6552,277.0
6553,277.0
6554,277.0
6555,277.0
6556,277.0
6557,277.0
6558,277.0
6559,277.0
6560,277
6561,277.0
6562,277.0
6563,277.0
6564,277.0
6565,277.0
6566,277.0
6567,277.0
6568,277.0
6569,277.0
6570,277
6571,277.1
6572,277.2
6573,277.3
6574,277.4
6575,277.5
6576,277.6
6577,277.7
6578,277.8
6579,277.9
6580,278
6581,278.0
6582,278.0
6583,278.0
6584,278.0
6585,278.0
6586,278.0
6587,278.0
6588,278.0
6589,278.0
6590,278
6591,277.9
6592,277.8
6593,277.7
6594,277.6
6595,277.5
6596,277.4
6597,277.3
6598,277.2
6599,277.1
6600,277
6601,277.1
6602,277.2
6603,277.3
6604,277.4
6605,277.5
6606,277.6
6607,277.7
6608,277.8
6609,277.9
6610,278
6611,278.0
6612,278.0
6613,278.0
6614,278.0
6615,278.0
6616,278.0
6617,278.0
6618,278.0
6619,278.0
6620,278
6621,278.0
6622,278.0
6623,278.0
6624,278.0
6625,278.0
6626,278.0
6627,278.0
6628,278.0
6629,278.0
6630,278
6631,277.9
6632,277.8
6633,277.7
6634,277.6
6635,277.5
6636,277.4
6637,277.3
6638,277.2
6639,277.1
6640,277
6641,277.1
6642,277.2
6643,277.3
6644,277.4
6645,277.5
6646,277.6
6647,277.7
6648,277.8
6649,277.9
6650,278
6651,278.0
6652,278.0
6653,278.0
6654,278.0
6655,278.0
6656,278.0
6657,278.0
6658,278.0
6659,278.0
6660,278
6661,277.9
6662,277.8
6663,277.7
6664,277.6
6665,277.5
6666,277.4
6667,277.3
6668,277.2
6669,277.1
6670,277
6671,277.0
6672,277.0
6673,277.0
6674,277.0
6675,277.0
6676,277.0
6677,277.0
6678,277.0
6679,277.0
6680,277
6681,277.0
6682,277.0
6683,277.0
6684,277.0
6685,277.0
6686,277.0
6687,277.0
6688,277.0
6689,277.0
6690,277
6691,277.0
6692,277.0
6693,277.0
6694,277.0
6695,277.0
6696,277.0
6697,277.0
6698,277.0
6699,277.0
6700,277
6701,277.1
6702,277.2
6703,277.3
6704,277.4
6705,277.5
6706,277.6
6707,277.7
6708,277.8
6709,277.9
6710,278
6711,278.0
6712,278.0
6713,278.0
6714,278.0
6715,278.0
6716,278.0
6717,278.0
6718,278.0
6719,278.0
6720,278
6721,278.0
6722,278.0
6723,278.0
6724,278.0
6725,278.0
6726,278.0
6727,278.0
6728,278.0
6729,278.0
6730,278
6731,277.9
6732,277.8
6733,277.7
6734,277.6
6735,277.5
6736,277.4
6737,277.3
6738,277.2
6739,277.1
6740,277
6741,277.1
6742,277.2
6743,277.3
6744,277.4
6745,277.5
6746,277.6
6747,277.7
6748,277.8
6749,277.9
6750,278
6751,278.0
6752,278.0
6753,278.0
6754,278.0
6755,278.0
6756,278.0
6757,278.0
6758,278.0
6759,278.0
6760,278
6761,277.9
6762,277.8
6763,277.7
6764,277.6
6765,277.5
6766,277.4
6767,277.3
6768,277.2
6769,277.1
6770,277
6771,277.0
6772,277.0
6773,277.0
6774,277.0
6775,277.0
6776,277.0
6777,277.0
6778,277.0
6779,277.0
6780,277
6781,277.0
6782,277.0
6783,277.0
6784,277.0
6785,277.0
6786,277.0
6787,277.0
6788,277.0
6789,277.0
6790,277
6791,277.0
6792,277.0
6793,277.0
6794,277.0
6795,277.0
6796,277.0
6797,277.0
6798,277.0
6799,277.0
6800,277
6801,277.0
6802,277.0
6803,277.0
6804,277.0
6805,277.0
6806,277.0
6807,277.0
6808,277.0
6809,277.0
6810,277
6811,277.0
6812,277.0
6813,277.0
6814,277.0
6815,277.0
6816,277.0
6817,277.0
6818,277.0
6819,277.0
6820,277
6821,277.0
6822,277.0
6823,277.0
6824,277.0
6825,277.0
6826,277.0
6827,277.0
6828,277.0
6829,277.0
6830,277
6831,277.0
6832,277.0
6833,277.0
6834,277.0
6835,277.0
6836,277.0
6837,277.0
6838,277.0
6839,277.0
6840,277
6841,277.0
6842,277.0
6843,277.0
6844,277.0
6845,277.0
6846,277.0
6847,277.0
6848,277.0
6849,277.0
6850,277
6851,277.0
6852,277.0
6853,277.0
6854,277.0
6855,277.0
6856,277.0
6857,277.0
6858,277.0
6859,277.0
6860,277
6861,277.0
6862,277.0
6863,277.0
6864,277.0
6865,277.0
6866,277.0
6867,277.0
6868,277.0
6869,277.0
6870,277
6871,277.0
6872,277.0
6873,277.0
6874,277.0
6875,277.0
6876,277.0
6877,277.0
6878,277.0
6879,277.0
6880,277
6881,277.0
6882,277.0
6883,277.0
6884,277.0
6885,277.0
6886,277.0
6887,277.0
6888,277.0
6889,277.0
6890,277
6891,277.0
6892,277.0
6893,277.0
6894,277.0
6895,277.0
6896,277.0
6897,277.0
6898,277.0
6899,277.0
6900,277
6901,277.0
6902,277.0
6903,277.0
6904,277.0
6905,277.0
6906,277.0
6907,277.0
6908,277.0
6909,277.0
6910,277
6911,277.0
6912,277.0
6913,277.0
6914,277.0
6915,277.0
6916,277.0
6917,277.0
6918,277.0
6919,277.0
6920,277
6921,277.0
6922,277.0
6923,277.0
6924,277.0
6925,277.0
6926,277.0
6927,277.0
6928,277.0
6929,277.0
6930,277
6931,277.0
6932,277.0
6933,277.0
6934,277.0
6935,277.0
6936,277.0
6937,277.0
6938,277.0
6939,277.0
6940,277
6941,277.0
6942,277.0
6943,277.0
6944,277.0
6945,277.0
6946,277.0
6947,277.0
6948,277.0
6949,277.0
6950,277
6951,277.0
6952,277.0
6953,277.0
6954,277.0
6955,277.0
6956,277.0
6957,277.0
6958,277.0
6959,277.0
6960,277
6961,277.0
6962,277.0
6963,277.0
6964,277.0
6965,277.0
6966,277.0
6967,277.0
6968,277.0
6969,277.0
6970,277
6971,277.0
6972,277.0
6973,277.0
6974,277.0
6975,277.0
6976,277.0
6977,277.0
6978,277.0
6979,277.0
6980,277
6981,277.0
6982,277.0
6983,277.0
6984,277.0
6985,277.0
6986,277.0
6987,277.0
6988,277.0
6989,277.0
6990,277
6991,277.0
6992,277.0
6993,277.0
6994,277.0
6995,277.0
6996,277.0
6997,277.0
6998,277.0
6999,277.0
7000,277
7001,277.1
7002,277.2
7003,277.3
7004,277.4
7005,277.5
7006,277.6
7007,277.7
7008,277.8
7009,277.9
7010,278
7011,277.9
7012,277.8
7013,277.7
7014,277.6
7015,277.5
7016,277.4
7017,277.3
7018,277.2
7019,277.1
7020,277
7021,277.1
7022,277.2
7023,277.3
7024,277.4
7025,277.5
7026,277.6
7027,277.7
7028,277.8
7029,277.9
7030,278
7031,278.0
7032,278.0
7033,278.0
7034,278.0
7035,278.0
7036,278.0
7037,278.0
7038,278.0
7039,278.0
7040,278
7041,278.0
7042,278.0
7043,278.0
7044,278.0
7045,278.0
7046,278.0
7047,278.0
7048,278.0
7049,278.0
7050,278
7051,278.0
7052,278.0
7053,278.0
7054,278.0
7055,278.0
7056,278.0
7057,278.0
7058,278.0
7059,278.0
7060,278
7061,278.0
7062,278.0
7063,278.0
7064,278.0
7065,278.0
7066,278.0
7067,278.0
7068,278.0
7069,278.0
7070,278
7071,278.0
7072,278.0
7073,278.0
7074,278.0
7075,278.0
7076,278.0
7077,278.0
7078,278.0
7079,278.0
7080,278
7081,277.9
7082,277.8
7083,277.7
7084,277.6
7085,277.5
7086,277.4
7087,277.3
7088,277.2
7089,277.1
7090,277
7091,277.1
7092,277.2
7093,277.3
7094,277.4
7095,277.5
7096,277.6
7097,277.7
7098,277.8
7099,277.9
7100,278
7101,277.9
7102,277.8
7103,277.7
7104,277.6
7105,277.5
7106,277.4
7107,277.3
7108,277.2
7109,277.1
7110,277
7111,277.0
7112,277.0
7113,277.0
7114,277.0
7115,277.0
7116,277.0
7117,277.0
7118,277.0
7119,277.0
7120,277
7121,277.0
7122,277.0
7123,277.0
7124,277.0
7125,277.0
7126,277.0
7127,277.0
7128,277.0
7129,277.0
7130,277
7131,277.0
7132,277.0
7133,277.0
7134,277.0
7135,277.0
7136,277.0
7137,277.0
7138,277.0
7139,277.0
7140,277
7141,277.0
7142,277.0
7143,277.0
7144,277.0
7145,277.0
7146,277.0
7147,277.0
7148,277.0
7149,277.0
7150,277
7151,277.0
7152,277.0
7153,277.0
7154,277.0
7155,277.0
7156,277.0
7157,277.0
7158,277.0
7159,277.0
7160,277
7161,277.0
7162,277.0
7163,277.0
7164,277.0
7165,277.0
7166,277.0
7167,277.0
7168,277.0
7169,277.0
7170,277
7171,277.0
7172,277.0
7173,277.0
7174,277.0
7175,277.0
7176,277.0
7177,277.0
7178,277.0
7179,277.0
7180,277
7181,277.0
7182,277.0
7183,277.0
7184,277.0
7185,277.0
7186,277.0
7187,277.0
7188,277.0
7189,277.0
7190,277
7191,277.0
7192,277.0
7193,277.0
7194,277.0
7195,277.0
7196,277.0
7197,277.0
7198,277.0
7199,277.0
7200,277
7201,277.0
7202,277.0
7203,277.0
7204,277.0
7205,277.0
7206,277.0
7207,277.0
7208,277.0
7209,277.0
7210,277
7211,277.1
7212,277.2
7213,277.3
7214,277.4
7215,277.5
7216,277.6
7217,277.7
7218,277.8
7219,277.9
7220,278
7221,277.9
7222,277.8
7223,277.7
7224,277.6
7225,277.5
7226,277.4
7227,277.3
7228,277.2
7229,277.1
7230,277
7231,277.0
7232,277.0
7233,277.0
7234,277.0
7235,277.0
7236,277.0
7237,277.0
7238,277.0
7239,277.0
7240,277
7241,277.1
7242,277.2
7243,277.3
7244,277.4
7245,277.5
7246,277.6
7247,277.7
7248,277.8
7249,277.9
7250,278
7251,277.9
7252,277.8
7253,277.7
7254,277.6
7255,277.5
7256,277.4
7257,277.3
7258,277.2
7259,277.1
7260,277
7261,277.1
7262,277.2
7263,277.3
7264,277.4
7265,277.5
7266,277.6
7267,277.7
7268,277.8
7269,277.9
7270,278
7271,277.9
7272,277.8
7273,277.7
7274,277.6
7275,277.5
7276,277.4
7277,277.3
7278,277.2
7279,277.1
7280,277
7281,277.1
7282,277.2
7283,277.3
7284,277.4
7285,277.5
7286,277.6
7287,277.7
7288,277.8
7289,277.9
7290,278
7291,278.0
7292,278.0
7293,278.0
7294,278.0
7295,278.0
7296,278.0
7297,278.0
7298,278.0
7299,278.0
7300,278
7301,278.0
7302,278.0
7303,278.0
7304,278.0
7305,278.0
7306,278.0
7307,278.0
7308,278.0
7309,278.0
7310,278
7311,278.0
7312,278.0
7313,278.0
7314,278.0
7315,278.0
7316,278.0
7317,278.0
7318,278.0
7319,278.0
7320,278
7321,278.0
7322,278.0
7323,278.0
7324,278.0
7325,278.0
7326,278.0
7327,278.0
7328,278.0
7329,278.0
7330,278
7331,278.0
7332,278.0
7333,278.0
7334,278.0
7335,278.0
7336,278.0
7337,278.0
7338,278.0
7339,278.0
7340,278
7341,278.0
7342,278.0
7343,278.0
7344,278.0
7345,278.0
7346,278.0
7347,278.0
7348,278.0
7349,278.0
7350,278
7351,278.0
7352,278.0
7353,278.0
7354,278.0
7355,278.0
7356,278.0
7357,278.0
7358,278.0
7359,278.0
7360,278
7361,278.0
7362,278.0
7363,278.0
7364,278.0
7365,278.0
7366,278.0
7367,278.0
7368,278.0
7369,278.0
7370,278
7371,278.0
7372,278.0
7373,278.0
7374,278.0
7375,278.0
7376,278.0
7377,278.0
7378,278.0
7379,278.0
7380,278
7381,278.0
7382,278.0
7383,278.0
7384,278.0
7385,278.0
7386,278.0
7387,278.0
7388,278.0
7389,278.0
7390,278
7391,278
