time,value
7592,977
7603,978
7613,978
7623,978
7633,978
7645,977
7655,977
7665,977
7675,978
7686,977
7696,978
7707,978
7717,977
7728,978
7738,978
7748,978
7758,978
7770,978
7780,978
7790,978
7800,978
7811,978
7822,978
7832,978
7842,978
7853,978
7863,979
7873,978
7884,978
7895,978
7905,978
7915,977
7925,978
7936,978
7947,978
7957,978
7967,978
7977,978
7988,978
7999,978
8009,978
8019,978
8030,978
8040,978
8050,978
8061,978
8072,978
8082,977
8092,977
8102,977
8114,975
8124,976
8134,976
8144,976
8155,976
8165,976
8176,976
8186,976
8197,976
8207,976
8217,975
8227,975
8239,976
8249,975
8259,975
8269,975
8280,975
8291,974
8301,975
8311,975
8322,974
8332,975
8342,975
8353,975
8364,974
8374,974
8384,975
8394,975
8404,974
8416,975
8426,975
8436,975
8446,975
8457,975
8468,974
8478,975
8488,975
8499,975
8509,975
8519,976
8530,976
8541,975
8551,975
8561,975
8571,976
8583,976
8593,975
8603,976
8613,975
8624,975
8634,976
8645,976
8655,975
8666,976
8676,976
8686,976
8696,976
8708,976
8718,976
8728,976
8738,975
8749,975
8760,976
8770,976
8780,975
8791,976
8801,975
8811,976
8822,975
8833,976
8843,976
8853,975
8863,976
8873,976
8885,975
8895,975
8905,975
8915,976
8926,975
8937,976
8947,976
8957,976
8968,976
8978,976
8988,975
8999,976
9010,975
9020,976
9030,975
9040,975
9052,976
9062,975
9072,975
9082,975
9093,976
9103,976
9114,975
9124,976
9135,975
9145,976
9155,976
9166,975
9177,976
9187,975
9197,976
9207,976
9218,976
9229,976
9239,975
9249,976
9260,976
9270,976
9280,975
9291,976
9302,975
9312,976
9322,975
9332,975
9342,975
9354,975
9364,975
9374,975
9384,976
9395,976
9406,976
9416,975
9426,975
9437,976
9447,975
9457,976
9468,975
9479,976
9489,976
9499,975
9509,975
9520,976
9531,975
9541,975
9551,975
9562,975
9572,975
9583,976
9593,975
9604,975
9614,975
9624,976
9634,976
9646,975
9656,976
9666,975
9676,975
9687,976
9698,976
9708,976
9718,976
9729,976
9739,976
9749,976
9760,976
9771,976
9781,975
9791,975
9801,976
9811,976
9823,975
9833,976
9843,976
9853,976
9864,976
9875,975
9885,976
9895,976
9906,976
9916,976
9926,976
9937,977
9948,976
9958,976
9968,976
9978,976
9989,976
10000,976
10010,976
10020,976
10031,976
10041,976
10052,976
10062,976
10073,975
10083,976
10094,975
10104,974
10115,974
10125,974
10135,973
10146,974
10157,974
10167,974
10177,974
10187,974
10199,972
10209,973
10219,973
10229,973
10240,973
10251,973
10261,973
10271,973
10281,973
10293,973
10303,973
10313,973
10323,973
10334,973
10345,974
10355,973
10365,973
10376,973
10386,973
10397,973
10407,973
10418,972
10428,973
10438,973
10449,972
10460,972
10470,972
10480,973
10491,972
10502,972
10512,972
10524,972
10535,972
10547,972
10558,971
10569,972
10580,972
10593,972
10604,972
10615,972
10627,972
10638,972
10649,972
10661,972
10673,972
10684,972
10695,971
10706,972
10718,972
10730,971
10741,971
10753,972
10764,971
10775,971
10786,971
10799,971
10810,972
10821,971
10832,972
10844,972
10855,971
10867,972
10878,971
10890,971
10901,971
10912,971
10925,972
10936,972
10947,970
10958,970
10970,971
10981,972
10993,971
11004,971
11016,971
11027,970
11038,971
11049,971
11062,971
11073,971
11084,971
11096,971
11107,970
11118,971
11130,971
11142,972
11153,971
11164,971
11175,971
11187,970
11199,971
11210,971
11222,971
11233,971
11244,971
11256,971
11268,971
11279,971
11290,971
11301,971
11313,971
11325,971
11336,970
11347,970
11359,971
11370,971
11381,971
11394,971
11405,971
11416,971
11427,971
11439,971
11450,970
11462,970
11473,970
11485,971
11496,970
11507,971
11518,971
11531,971
11542,971
11553,971
11565,970
11576,970
11587,971
11599,970
11611,970
11622,970
11633,971
11644,970
11657,970
11668,971
11679,971
11691,971
11702,971
11713,971
11725,971
11737,971
11748,971
11759,971
11770,971
11782,971
11794,971
11805,971
11816,971
11828,971
11839,972
11850,972
11863,972
11874,972
11885,971
11896,971
11908,971
11919,971
11931,972
11942,972
11954,971
11965,971
11976,971
11988,971
12000,971
12011,971
12022,971
12034,971
12045,970
12057,971
12068,970
12080,970
12091,970
12102,971
12113,970
12126,969
12137,970
12148,970
12160,970
12171,970
12182,970
12194,970
12206,969
12217,971
12228,970
12239,970
12251,970
12263,970
12274,970
12285,969
12297,970
12308,970
12319,970
12332,970
12343,970
12354,970
12365,970
12377,970
12389,970
12400,970
12411,970
12423,970
12434,970
12445,970
12457,970
12469,971
12480,971
12491,971
12503,971
12514,971
12526,971
12537,971
12549,971
12560,971
12571,971
12582,971
12595,970
12606,971
12617,971
12628,971
12640,971
12651,971
12663,970
12675,970
12686,970
12697,971
12708,970
12721,971
12732,971
12743,971
12754,969
12766,971
12777,970
12789,970
12801,970
12812,970
12823,971
12834,969
12846,970
12858,970
12869,970
12880,970
12892,970
12903,969
12914,969
12926,969
12938,969
12949,969
12960,969
12972,969
12983,970
12995,969
13006,969
13018,969
13029,969
13040,969
13051,969
13064,969
13075,968
13086,969
13097,969
13109,969
13121,969
13132,969
13144,969
13155,969
13166,969
13177,969
13190,968
13201,969
13212,970
13223,968
13235,969
13246,969
13258,969
13270,969
13281,969
13292,968
13303,968
13315,969
13327,968
13338,968
13349,968
13361,969
13372,968
13383,968
13395,968
13407,969
13418,968
13429,969
13441,968
13453,968
13464,968
13475,968
13487,968
13498,968
13509,968
13521,969
13533,970
13544,969
13555,969
13566,969
13578,969
13590,969
13601,968
13613,968
13624,969
13635,969
13646,969
13659,968
13670,969
13681,970
13692,967
13704,969
13715,968
13727,966
13739,966
13750,965
13761,965
13772,964
13784,965
13796,965
13807,965
13818,965
13830,966
13841,966
13853,966
13864,966
13876,965
13887,964
13898,964
13910,961
13922,959
13933,957
13944,957
13956,957
13967,957
13978,958
13990,959
14002,958
14013,958
14024,955
14035,954
14047,956
14059,957
14070,959
14082,959
14093,960
14104,961
14115,962
14128,962
14139,963
14150,962
14161,960
14173,959
14185,957
14196,956
14208,956
14219,957
14230,957
14241,956
14254,956
14265,955
14276,954
14287,953
14299,951
14310,950
14322,949
14333,947
14345,945
14356,946
14367,947
14379,946
14391,946
14402,944
14413,944
14425,944
14436,943
14447,943
14459,942
14471,941
14482,939
14493,939
14504,939
14516,938
14528,938
14539,937
14551,936
14562,934
14573,932
14585,931
14597,931
14608,931
14619,929
14630,928
14642,925
14654,924
14665,923
14676,922
14688,923
14699,923
14710,923
14723,923
14734,923
14745,923
14756,924
14768,924
14779,924
14791,925
14802,924
14814,925
14825,924
14836,924
14848,926
14860,926
14871,926
14882,927
14894,926
14905,925
14917,924
14928,922
14940,921
14951,918
14962,917
14973,915
14986,914
14997,913
15008,913
15020,913
15031,912
15042,912
15054,912
15066,912
15077,913
15088,913
15099,912
15111,912
15123,912
15134,911
15145,911
15157,910
15168,908
15179,907
15192,907
15203,905
15214,904
15225,903
15237,902
15248,902
15260,901
15271,901
15283,900
15294,900
15305,900
15318,898
15329,897
15340,896
15351,895
15363,893
15374,891
15386,891
15397,889
15409,889
15420,888
15431,888
15442,887
15455,886
15466,884
15477,883
15489,882
15500,880
15511,880
15523,878
15535,876
15546,875
15557,874
15568,871
15580,867
15592,867
15603,868
15614,867
15626,867
15637,865
15649,864
15661,861
15672,861
15683,860
15694,859
15706,857
15718,856
15729,856
15740,856
15752,857
15763,857
15774,856
15787,855
15798,855
15809,859
15820,863
15832,869
15843,873
15855,870
15866,871
15878,875
15889,872
15900,867
15911,865
15924,864
15935,870
15946,866
15958,865
15969,865
15980,862
15992,858
16004,860
16015,860
16026,860
16037,857
16050,854
16061,854
16072,850
16083,847
16095,848
16106,850
16118,851
16130,849
16141,848
16152,846
16163,847
16175,846
16187,846
16198,845
16209,847
16221,849
16232,848
16243,848
16256,846
16267,844
16278,842
16289,841
16301,841
16312,841
16324,840
16335,840
16347,839
16358,838
16369,836
16381,835
16393,834
16404,833
16415,832
16427,831
16438,830
16450,829
16461,827
16473,825
16484,824
16495,823
16506,822
16519,820
16530,819
16541,818
16552,816
16564,815
16575,814
16587,815
16599,814
16610,815
16621,814
16632,815
16644,815
16656,814
16667,813
16678,812
16690,812
16701,812
16712,812
16724,810
16736,809
16747,808
16758,807
16770,805
16782,801
16793,798
16804,796
16816,795
16827,795
16838,794
16850,795
16862,795
16873,796
16884,796
16896,795
16907,793
16919,792
16930,791
16942,790
16953,789
16964,789
16975,788
16988,787
16999,786
17010,785
17021,785
17033,786
17044,787
17056,787
17068,785
17079,784
17090,783
17101,782
17114,782
17125,783
17136,783
17147,782
17159,783
17170,783
17182,783
17193,783
17205,783
17216,783
17227,781
17239,781
17251,780
17262,780
17273,779
17285,780
17296,780
17307,780
17319,780
17331,780
17342,780
17353,780
17364,779
17376,779
17388,778
17399,777
17411,777
17422,777
17433,778
17444,778
17457,778
17468,778
17479,778
17490,778
17502,778
17514,777
17525,777
17537,778
17548,777
17559,777
17570,777
17583,777
17594,777
17605,778
17616,777
17628,777
17639,777
17651,777
17662,776
17674,776
17685,776
17696,776
17708,776
17720,776
17731,776
17742,776
17754,775
17765,774
17776,773
17788,773
17800,773
17811,773
17822,772
17833,773
17846,773
17857,772
17868,774
17880,773
17891,774
17902,774
17914,774
17926,774
17937,773
17948,773
17959,773
17971,773
17983,773
17994,774
18006,774
18017,774
18028,773
18039,773
18052,773
18063,774
18074,774
18085,774
18097,773
18108,773
18120,773
18131,773
18143,773
18154,772
18165,772
18177,773
18189,773
18200,773
18211,773
18223,773
18234,772
18246,772
18257,772
18269,773
18280,772
18291,773
18302,774
18315,774
18326,774
18337,776
18349,775
18360,776
18371,777
18383,777
18395,777
18406,776
18417,775
18428,775
18440,774
18452,774
18463,774
18475,773
18486,773
18497,772
18508,772
18521,771
18532,771
18543,770
18554,770
18566,770
18578,770
18589,770
18600,770
18612,770
18623,770
18634,770
18647,771
18658,771
18669,771
18680,770
18692,770
18703,770
18715,769
18726,770
18738,771
18749,771
18760,771
18771,771
18784,771
18795,770
18806,770
18818,770
18829,770
18840,771
18852,770
18864,770
18875,770
18886,770
18897,769
18909,769
18921,769
18932,768
18944,768
18955,768
18966,768
18978,768
18990,768
19001,767
19012,766
19023,766
19035,766
19047,767
19058,768
19069,768
19081,769
19092,770
19103,770
19116,769
19127,768
19138,767
19149,766
19161,765
19172,764
19184,765
19195,765
19207,765
19218,765
19229,764
19240,764
19253,762
19264,762
19275,763
19287,763
19298,763
19310,764
19321,763
19333,763
19344,763
19355,764
19366,764
19379,764
19390,764
19401,763
19412,762
19424,761
19435,761
19447,761
19459,761
19470,761
19481,760
19492,760
19504,759
19516,760
19527,759
19538,759
19550,758
19561,758
19572,757
19585,756
19596,756
19607,755
19618,755
19630,755
19641,754
19653,754
19664,754
19676,754
19687,754
19698,754
19710,754
19722,754
19733,754
19744,754
19756,754
19767,754
19779,754
19790,754
19802,754
19813,753
19824,753
19835,753
19848,752
19859,752
19870,752
19881,752
19893,751
19904,752
19916,752
19928,752
19939,752
19950,752
19961,752
19973,752
19985,753
19996,753
20007,753
20019,753
20030,753
20042,753
20054,753
20065,753
20076,753
20087,752
20099,752
20111,752
20122,752
20133,752
20145,752
20156,752
20167,752
20179,752
20191,752
20202,752
20213,753
20225,753
20236,752
20248,752
20259,752
20271,752
20282,751
20293,752
20304,751
20317,751
20328,751
20339,751
20350,751
20362,749
20373,750
20385,749
20397,749
20408,749
20419,748
20430,748
20443,747
20454,747
20465,747
20476,747
20488,747
20499,747
20511,747
20523,746
20534,747
20545,746
20556,746
20568,746
20580,746
20591,747
20602,746
20614,747
20625,747
20636,748
20648,748
20660,749
20671,749
20682,749
20694,749
20705,749
20717,749
20728,750
20740,750
20751,750
20762,750
20774,750
20786,750
20797,751
20808,750
20819,751
20831,750
20843,751
20854,750
20866,750
20877,750
20888,750
20899,750
20912,749
20923,749
20934,749
20945,749
20957,749
20968,749
20980,748
20992,748
21003,748
21014,749
21025,748
21037,748
21049,748
21060,748
21071,747
21083,748
21094,747
21105,747
21117,747
21129,747
21140,747
21151,747
21163,747
21175,747
21186,747
21197,747
21209,747
21220,747
21231,747
21243,747
21255,746
21266,747
21277,747
21288,747
21300,746
21312,747
21323,747
21335,747
21346,746
21357,746
21368,746
21381,746
21392,747
21403,746
21414,746
21426,746
21437,746
21449,746
21460,745
21472,746
21483,745
21494,746
21507,745
21518,745
21529,745
21540,745
21552,745
21563,744
21575,745
21586,744
21598,744
21609,745
21620,744
21632,745
21644,744
21655,745
21666,745
21678,745
21689,745
21700,745
21712,745
21724,745
21735,745
21746,745
21757,746
21769,746
21781,746
21792,746
21804,746
21815,746
21826,746
21837,746
21850,746
21861,746
21872,746
21883,746
21895,745
21907,745
21918,745
21929,746
21941,745
21952,745
21963,745
21976,745
21987,745
21998,744
22009,744
22021,744
22032,744
22044,744
22055,744
22067,743
22078,744
22089,743
22100,744
22113,743
22124,743
22135,744
22147,743
22158,743
22169,743
22181,743
22193,743
22204,743
22215,743
22226,743
22239,744
22250,743
22261,743
22273,743
22284,743
22295,743
22307,743
22319,743
22330,743
22341,744
22352,743
22364,743
22376,743
22387,743
22398,743
22410,743
22421,743
22432,743
22445,743
22456,743
22467,743
22478,742
22490,743
22501,743
22513,743
22524,743
22536,743
22547,742
22558,742
22569,743
22582,742
22593,742
22604,742
22616,742
22627,742
22639,742
22650,742
22662,742
22673,742
22684,742
22695,742
22708,742
22719,742
22730,742
22742,742
22753,742
22764,742
22776,742
22788,742
22799,742
22810,742
22821,742
22833,742
22845,742
22856,742
22867,742
22879,742
22890,741
22901,742
22914,741
22925,742
22936,742
22947,742
22959,741
22971,741
22982,741
22993,741
23005,741
23016,742
23027,741
23040,742
23051,741
23062,742
23073,742
23085,742
23096,742
23108,741
23119,741
23131,741
23142,741
23153,741
23164,741
23177,741
23188,741
23199,741
23211,741
23222,741
23233,741
23245,741
23257,741
23268,741
23279,741
23290,742
23302,741
23314,741
23325,741
23336,741
23348,741
23359,741
23371,741
23383,741
23394,741
23405,741
23416,741
23428,741
23440,741
23451,741
23462,741
23474,741
23485,741
23496,741
23508,741
23520,742
23531,741
23542,741
23554,742
23565,741
23577,741
23588,742
23600,741
23611,741
23622,741
23633,741
23646,741
23657,740
23668,741
23680,741
23691,741
23703,741
23714,741
23726,741
23737,740
23748,741
23759,740
23772,741
23783,740
23794,740
23805,741
23817,741
23828,740
23840,740
23852,740
23863,740
23874,740
23885,740
23897,740
23909,740
23920,742
23931,743
23943,743
23954,744
23965,744
23977,743
23989,743
24000,743
24011,743
24023,744
24034,744
24046,744
24057,744
24069,745
24080,745
24091,744
24103,744
24115,745
24126,745
24137,745
24148,745
24160,746
24172,746
24183,746
24195,747
24206,746
24217,747
24228,746
24241,745
24252,744
24263,743
24274,743
24286,743
24297,743
24309,742
24321,742
24332,742
24343,743
24354,743
24366,743
24378,743
24389,744
24400,744
24412,744
24423,744
24435,744
24446,744
24458,744
24469,744
24480,745
24492,746
24504,747
24515,748
24526,748
24538,748
24549,748
24560,749
24572,749
24584,749
24595,750
24606,749
24617,749
24629,749
24641,749
24652,749
24664,748
24675,748
24686,748
24697,747
24710,747
24721,747
24732,747
24743,747
24755,747
24766,747
24778,747
24790,747
24801,747
24812,747
24823,747
24836,747
24847,748
24858,747
24869,748
24881,748
24892,747
24904,747
24915,746
24927,746
24938,746
24949,746
24961,746
24973,746
24984,746
24995,745
25007,745
25018,745
25029,745
25041,745
25053,745
25064,745
25075,745
25086,745
25098,745
25110,745
25121,745
25133,745
25144,745
25155,746
25167,746
25179,746
25190,745
25201,746
25212,745
25224,745
25236,745
25247,745
25259,745
25270,745
25281,745
25292,745
25305,744
25316,744
25327,744
25338,744
25350,744
25361,744
25373,744
25384,744
25396,744
25407,743
25418,743
25430,743
25442,743
25453,743
25464,742
25476,742
25487,742
25498,742
25510,742
25522,742
25533,742
25544,742
25555,741
25568,741
25579,742
25590,742
25602,742
25613,742
25624,745
25636,746
25648,745
25659,741
25670,740
25681,740
25693,740
25705,740
25716,740
25728,740
25739,739
25750,739
25761,739
25774,738
25785,737
25796,737
25807,737
25819,738
25830,740
25842,743
25853,745
25865,746
25876,746
25887,743
25900,742
25911,745
25922,746
25933,749
25945,751
25956,752
25968,752
25979,751
25991,753
26002,755
26013,756
26024,754
26037,755
26048,755
26059,757
26071,758
26082,757
26093,756
26105,755
26117,755
26128,756
26139,755
26150,753
26162,752
26174,751
26185,750
26196,750
26208,750
26219,751
26230,751
26243,751
26254,750
26265,750
26276,750
26288,748
26300,746
26311,747
26322,748
26334,747
26345,749
26356,748
26369,748
26380,749
26391,751
26402,752
26414,754
26425,755
26437,754
26448,751
26460,746
26471,743
26482,740
26493,739
26506,738
26517,738
26528,738
26540,738
26551,738
26562,737
26574,734
26586,733
26597,732
26608,734
26619,736
26632,737
26643,738
26654,739
26665,739
26677,736
26688,734
26700,732
26712,734
26723,733
26734,733
26745,732
26757,732
26769,732
26780,732
26791,731
26803,730
26814,730
26825,731
26838,730
26849,732
26860,734
26871,733
26883,733
26894,733
26906,733
26917,733
26929,733
26940,735
26951,735
26962,735
26975,736
26986,739
26997,740
27009,742
27020,743
27032,743
27043,741
27055,740
27066,739
27077,737
27088,736
27101,736
27112,737
27123,737
27134,737
27146,738
27157,737
27169,736
27181,736
27192,736
27203,736
27214,736
27226,736
27238,736
27249,736
27260,736
27272,736
27283,736
27294,736
27307,735
27318,735
27329,735
27340,735
27352,735
27364,735
27375,735
27386,734
27398,734
27409,734
27420,733
27432,733
27444,733
27455,732
27466,732
27478,732
27489,731
27501,730
27512,731
27524,730
27535,730
27546,730
27557,730
27570,731
27581,731
27592,731
27603,731
27615,731
27626,731
27638,731
27650,731
27661,731
27672,731
27683,731
27695,730
27707,730
27718,730
27729,729
27741,729
27752,729
27764,729
27776,729
27787,728
27798,728
27809,729
27821,728
27833,728
27844,728
27855,728
27867,728
27878,729
27889,729
27901,729
27913,729
27924,729
27935,729
27947,729
27958,729
27970,728
27981,728
27993,728
28004,728
28015,728
28026,728
28039,727
28050,727
28061,727
28072,726
28084,726
28096,726
28107,725
28119,726
28130,725
28141,725
28152,726
28165,726
28176,725
28187,726
28198,726
28210,725
28221,725
28233,725
28244,725
28256,725
28267,726
28278,725
28290,725
28302,725
28313,725
28324,725
28336,725
28347,725
28358,725
28370,725
28382,725
28393,724
28404,724
28416,724
28427,724
28439,724
28450,725
28462,725
28473,725
28484,725
28496,725
28508,725
28519,725
28530,725
28541,725
28553,725
28565,725
28576,726
28588,726
28599,726
28610,726
28621,726
28634,726
28645,726
28656,726
28667,726
28679,725
28690,726
28702,726
28713,726
28725,726
28736,726
28747,726
28759,726
28771,726
28782,726
28793,726
28805,726
28816,726
28828,726
28839,725
28851,726
28862,725
28873,725
28884,725
28897,726
28908,726
28919,725
28931,726
28942,726
28953,726
28965,726
28977,726
28988,726
28999,727
29010,726
29022,726
29034,726
29045,726
29057,726
29068,726
29079,726
29090,726
29103,726
29114,726
29125,726
29136,726
29148,726
29159,726
29171,726
29182,726
29194,726
29205,726
29216,727
29229,727
29240,727
29251,727
29262,727
29274,727
29285,727
29297,727
29308,726
29320,727
29331,727
29342,726
29353,727
29366,727
29377,727
29388,727
29400,728
29411,727
29422,728
29434,728
29446,728
29457,728
29468,728
29479,728
29491,728
29503,728
29514,728
29526,728
29537,728
29548,728
29560,729
29572,728
29583,729
29594,729
29605,729
29617,729
29629,729
29640,729
29651,729
29663,729
29674,729
29685,729
29698,728
29709,729
29720,729
29731,729
29743,729
29754,729
29766,729
29777,729
29789,728
29800,729
29811,729
29822,729
29835,729
29846,729
29857,728
29869,729
29880,729
29891,729
29903,729
29915,729
29926,729
29937,728
29948,729
29961,729
29972,729
29983,729
29995,729
30006,729
30017,729
30029,729
30041,729
30052,729
30063,729
30074,729
30086,730
30098,729
30109,729
30120,729
30132,729
30143,729
30154,729
30167,729
30178,729
30189,729
30200,730
30212,729
30223,729
30235,729
30246,729
30258,729
30269,729
30280,730
30292,730
30304,730
30315,730
30326,729
30338,729
30349,730
30361,730
30372,730
30384,730
30395,730
30406,729
30417,730
30430,730
30441,730
30452,730
30464,730
30475,730
30486,730
30498,730
30510,730
30521,730
30532,730
30543,730
30555,730
30567,730
30578,730
30589,730
30601,730
30612,731
30623,730
30636,730
30647,730
30658,730
30669,730
30681,730
30693,730
30704,731
30715,730
30727,731
30738,730
30749,730
30761,730
30773,731
30784,731
30795,731
30807,731
30818,731
30830,731
30841,731
30853,731
30864,731
30875,730
30886,731
30899,731
30910,730
30921,730
30932,731
30944,731
30955,731
30967,731
30979,731
30990,731
31001,730
31012,730
31025,731
31036,730
31047,731
31058,731
31070,731
31081,731
31093,730
31105,731
31116,730
31127,730
31138,730
31150,731
31162,731
31173,731
31184,730
31196,730
31207,731
31218,730
31230,730
31242,730
31253,730
31264,730
31276,731
31287,731
31299,731
31310,731
31322,731
31333,731
31344,730
31355,731
31368,731
31379,731
31390,731
31401,731
31413,731
31425,730
31436,731
31448,731
31459,731
31470,731
31481,731
31494,731
31505,730
31516,730
31527,731
31539,731
31550,731
31562,731
31574,731
31585,730
31596,731
31607,731
31619,731
31631,731
31642,731
31653,731
31665,730
31676,730
31687,730
31699,730
31711,731
31722,731
31733,731
31745,730
31757,730
31768,730
31779,731
31791,730
31802,730
31813,730
31825,730
31837,730
31848,730
31859,731
31870,730
31882,730
31894,730
31905,731
31917,730
31928,730
31939,730
31950,730
31963,730
31974,730
31985,730
31996,730
32008,730
32019,730
32031,730
32043,730
32054,729
32065,731
32076,731
32088,730
32100,730
32111,730
32122,730
32134,729
32145,730
32157,730
32168,730
32180,730
32191,730
32202,730
32214,730
32226,730
32237,730
32248,730
32260,730
32271,730
32282,730
32294,730
32306,730
32317,730
32328,730
32339,730
32351,730
32363,730
32374,730
32386,730
32397,730
32408,730
32419,729
32432,729
32443,729
32454,729
32465,729
32477,729
32489,729
32500,729
32512,729
32523,729
32534,729
32545,729
32558,729
32569,729
32580,729
32591,728
32603,728
32614,729
32626,729
32637,728
32649,728
32660,728
32671,728
32683,728
32695,728
32706,728
32717,728
32729,728
32740,728
32751,728
32763,728
32775,728
32786,728
32797,728
32808,728
32820,728
32832,728
32843,727
32855,728
32866,728
32877,728
32889,728
32901,727
32912,728
32923,728
32934,728
32946,728
32958,728
32969,728
32980,728
32992,727
33003,728
33014,728
33027,727
33038,728
33049,728
33060,728
33072,728
33083,728
33095,728
33106,728
33118,728
33129,728
33140,728
33152,727
33164,727
33175,728
33186,728
33198,728
33209,728
33221,728
33232,727
33244,727
33255,728
33266,727
33277,727
33290,728
33301,727
33312,727
33324,728
33335,727
33346,728
33358,727
33370,727
33381,728
33392,728
33403,728
33415,727
33427,727
33438,727
33449,728
33461,728
33472,728
33483,728
33496,727
33507,727
33518,727
33529,728
33541,727
33552,727
33564,728
33575,727
33587,727
33598,727
33609,727
33622,728
33633,727
33644,727
33655,727
33667,727
33678,727
33690,727
33701,727
33713,728
33724,727
33735,727
33746,727
33759,727
33770,727
33781,727
33793,727
33804,727
33815,727
33827,727
33839,727
33850,727
33861,727
33872,727
33884,727
33896,727
33907,727
33918,727
33930,727
33941,727
33953,727
33965,727
33976,727
33987,727
33998,727
34010,727
34022,727
34033,727
34044,727
34056,727
34067,727
34078,727
34091,727
34102,727
34113,727
34124,727
34136,727
34147,727
34159,727
34170,727
34182,727
34193,727
34204,727
34215,727
34228,727
34239,727
34250,726
34262,727
34273,727
34284,727
34296,727
34308,726
34319,727
34330,726
34341,727
34354,727
34365,727
34376,727
34387,727
34399,727
34410,727
34422,727
34434,727
34445,727
34456,727
34467,727
34479,727
34491,727
34502,727
34513,727
34525,727
34536,727
34547,727
34560,727
34571,727
34582,727
34593,727
34605,727
34616,727
34628,726
34639,727
34651,727
34662,727
34673,727
34685,727
34697,726
34708,727
34719,726
34731,727
34742,727
34754,727
34765,727
34777,726
34788,727
34799,726
34810,727
34823,727
34834,726
34845,726
34856,726
34868,726
34879,726
34891,726
34903,726
34914,726
34925,726
34936,726
34948,726
34960,726
34971,726
34982,726
34994,726
35005,726
35016,726
35028,726
35040,726
35051,726
35062,727
35074,726
35086,726
35097,726
35108,726
35120,726
35131,726
35142,726
35154,726
35166,726
35177,726
35188,726
35200,726
35211,726
35223,726
35234,726
35246,726
35257,726
35268,726
35279,726
35292,726
35303,726
35314,726
35325,726
35337,726
35348,725
35360,725
35372,726
35383,726
35394,726
35405,726
35418,726
35429,726
35440,726
35451,726
35463,726
35474,726
35486,726
35497,726
35509,726
35520,726
35531,726
35543,726
35555,726
35566,726
35577,726
35589,726
35600,725
35611,726
35623,726
35635,726
35646,726
35657,726
35668,725
35680,725
35692,726
35703,726
35715,726
35726,726
35737,726
35748,726
35761,726
35772,726
35783,726
35794,726
35806,726
35818,725
35829,726
35841,726
35852,726
35863,726
35874,725
35887,726
35898,725
35909,725
35920,725
35932,725
35943,726
35955,726
35966,726
35978,725
35989,725
36000,726
36012,725
36024,725
36035,725
36046,726
36058,725
36069,725
36080,726
36092,725
36104,725
36115,725
36126,726
36137,725
36150,725
36161,725
36172,725
36184,725
36195,725
36206,726
36218,725
36230,726
36241,725
36252,725
36263,725
36275,725
36287,726
36298,725
36310,725
36321,725
36332,726
36343,725
36356,725
36367,725
36378,725
36389,725
36401,725
36412,725
36424,726
36435,726
36447,725
36458,725
36469,725
36481,725
36493,725
36504,725
36515,725
36527,725
36538,725
36550,725
36561,725
36573,725
36584,725
36595,725
36606,725
36619,725
36630,725
36641,725
36653,725
36664,725
36675,726
36687,725
36699,725
36710,725
36721,725
36732,725
36744,725
36756,725
36767,725
36779,725
36790,725
36801,726
36812,725
36825,725
36836,725
36847,725
36858,725
36870,725
36882,725
36893,725
36904,725
36916,725
36927,725
36938,725
36951,726
36962,725
36973,725
36984,726
36996,725
37007,725
37019,725
37030,725
37042,725
37053,726
37064,725
37075,725
37088,725
37099,725
37110,725
37122,725
37133,725
37144,725
37156,725
37168,725
37179,725
37190,725
37201,725
37213,726
37225,725
37236,725
37248,725
37259,725
37270,725
37282,725
37294,725
37305,725
37316,725
37327,725
37339,725
37351,725
37362,725
37373,725
37385,726
37396,725
37407,725
37420,725
37431,725
37442,725
37453,725
37465,725
37476,725
37488,725
37499,725
37511,725
37522,725
37533,725
37544,725
37557,725
37568,725
37579,725
37591,725
37602,725
37614,726
37625,725
37637,725
37648,725
37659,725
37670,725
37683,725
37694,725
37705,725
37716,725
37728,725
37739,725
37751,725
37763,725
37774,725
37785,725
37796,725
37808,725
37820,725
37831,725
37842,725
37854,725
37865,725
37876,725
37889,725
37900,725
37911,725
37922,725
37934,725
37945,725
37957,726
37968,725
37980,725
37991,725
38002,725
38014,725
38026,725
38037,725
38048,725
38060,725
38071,725
38083,725
38094,725
38106,725
38117,725
38128,725
38139,725
38152,725
38163,725
38174,724
38185,725
38197,725
38208,725
38220,725
38232,725
38243,726
38254,725
38265,725
38277,725
38289,725
38300,725
38311,725
38323,725
38334,725
38346,725
38358,725
38369,725
38380,725
38391,725
38403,725
38415,725
38426,725
38437,725
38449,725
38460,725
38471,725
38483,725
38495,725
38506,725
38517,725
38529,725
38540,725
38552,725
38563,725
38575,725
38586,725
38597,725
38608,725
38621,725
38632,725
38643,725
38654,725
38666,725
38677,725
38689,725
38701,725
38712,725
38723,724
38734,725
38747,725
38758,725
38769,725
38780,725
38792,725
38803,724
38815,725
38827,725
38838,725
38849,725
38860,725
38872,725
38884,725
38895,725
38906,725
38918,725
38929,725
38940,725
38952,725
38964,725
38975,725
38986,725
38998,725
39009,725
39021,725
39032,725
39044,725
39055,725
39066,725
39078,725
39090,725
39101,725
39112,725
39123,725
39135,725
39147,725
39158,725
39170,725
39181,725
39192,725
39203,725
39216,725
39227,725
39238,725
39249,725
39261,725
39272,724
39284,725
39296,725
39307,725
39318,725
39329,725
39341,725
39353,725
39364,725
39375,725
39387,725
39398,725
39409,725
39421,725
39433,725
39444,725
39455,725
39467,725
39479,725
39490,725
39501,725
39513,725
39524,725
39535,725
39547,725
39559,725
39570,725
39581,725
39592,725
39604,725
39616,725
39627,725
39639,725
39650,726
39661,725
39672,725
39685,725
39696,725
39707,725
39718,725
39730,726
39741,725
39753,725
39764,725
39776,725
39787,725
39798,725
39811,725
39822,725
39833,725
39844,725
39856,725
39867,726
39879,725
39890,725
39902,725
39913,725
39924,725
39936,725
39948,725
39959,725
39970,725
39982,725
39993,725
40004,725
40016,725
40028,725
40039,725
40050,726
40061,725
40073,725
40085,725
40096,725
40108,725
40119,725
40130,725
40141,725
40154,726
40165,725
40176,725
40187,725
40199,725
40211,725
40222,725
40233,725
40245,725
40256,725
40267,725
40280,725
40291,725
40302,725
40313,725
40325,725
40336,725
40348,725
40359,726
40371,725
40382,725
40393,725
40404,725
40417,725
40428,725
40439,725
40451,725
40462,725
40473,725
40485,725
40497,725
40508,725
40519,725
40530,725
40543,725
40554,725
40565,725
40577,726
40588,725
40599,726
40611,725
40623,725
40634,725
40645,725
40656,725
40668,725
40680,725
40691,725
40702,725
40714,725
40725,726
40736,725
40749,725
40760,725
40771,725
40782,725
40794,725
40805,725
40817,725
40828,725
40840,725
40851,725
40862,725
40873,725
40886,725
40897,725
40908,726
40920,725
40931,725
40943,725
40954,725
40966,725
40977,725
40988,725
40999,725
41012,725
41023,725
41034,725
41046,725
41057,725
41068,725
41080,725
41092,725
41103,725
41114,725
41125,725
41137,725
41149,725
41160,725
41171,725
41183,725
41194,725
41205,725
41218,725
41229,726
41240,725
41251,725
41263,725
41275,725
41286,725
41297,726
41309,725
41320,725
41331,725
41344,725
41355,725
41366,725
41377,725
41389,725
41400,725
41412,725
41423,725
41435,725
41446,725
41457,725
41468,724
41481,725
41492,725
41503,725
41515,725
41526,725
41537,725
41549,725
41561,725
41572,725
41583,725
41594,725
41606,725
41618,725
41629,724
41640,725
41652,725
41663,725
41675,725
41687,725
41698,725
41709,725
41720,725
41732,725
41744,725
41755,725
41766,725
41778,725
41789,725
41800,725
41812,725
41824,725
41835,725
41846,725
41858,725
41869,724
41881,725
41892,725
41904,725
41915,725
41926,725
41937,725
41950,725
41961,725
41972,725
41984,725
41995,724
42007,725
42018,724
42030,725
42041,725
42052,725
42063,725
42076,725
42087,725
42098,725
42109,725
42121,725
42132,725
42144,724
42156,725
42167,725
42178,724
42189,725
42201,724
42213,725
42224,725
42235,724
42247,725
42258,724
42269,724
42281,725
42293,725
42304,725
42315,724
42327,724
42338,724
42350,725
42361,725
42373,725
42384,724
42395,724
42407,725
42419,724
42430,725
42441,724
42452,724
42464,724
42476,724
42487,724
42499,725
42510,724
42521,724
42532,724
42545,724
42556,724
42567,724
42578,724
42590,724
42601,724
42613,724
42625,724
42636,724
42647,724
42658,724
42670,724
42682,724
42693,724
42704,724
42716,725
42727,724
42739,724
42750,724
42762,724
42773,724
42784,724
42796,725
42808,724
42819,724
42830,724
42842,725
42853,724
42864,724
42876,724
42888,724
42899,724
42910,724
42921,724
42933,724
42945,724
42956,724
42968,724
42979,724
42990,724
43001,724
43014,724
43025,724
43036,724
43047,724
43059,724
43070,724
43082,725
43094,724
43105,725
43116,724
43127,724
43140,725
43151,725
43162,724
43173,724
43185,724
43196,724
43208,724
43219,725
43231,724
43242,724
43253,724
43265,725
43277,724
43288,725
43299,724
43311,724
43322,725
43333,724
43345,724
43357,725
43368,725
43379,725
43390,725
43402,724
43414,724
43425,724
43437,725
43448,725
43459,725
43471,725
43483,724
43494,724
43505,725
43516,725
43528,725
43540,724
43551,724
43563,724
43574,724
43585,724
43596,724
43609,724
43620,724
43631,725
43642,724
43654,724
43665,724
43677,724
43688,724
43700,724
43711,724
43722,724
43734,724
43746,724
43757,725
43768,724
43780,724
43791,724
43802,724
43814,724
43826,724
43837,724
43848,724
43859,724
43872,724
43883,724
43894,724
43906,724
43917,724
43928,724
43940,724
43952,724
43963,725
43974,724
43985,724
43997,724
44009,724
44020,724
44032,724
44043,724
44054,724
44065,724
44078,724
44089,724
44100,724
44111,724
44123,724
44134,725
44146,724
44157,725
44169,724
44180,724
44191,724
44204,724
44215,724
44226,724
44237,724
44249,724
44260,724
44272,724
44283,724
44295,723
44306,724
44317,724
44328,724
44341,724
44352,724
44363,724
44375,723
44386,724
44397,724
44409,724
44421,724
44432,723
44443,724
44454,724
44466,724
44478,724
44489,724
44500,724
44512,724
44523,724
44534,724
44547,724
44558,724
44569,724
44580,724
44592,724
44604,724
44615,724
44626,724
44638,724
44649,724
44660,724
44673,724
44684,724
44695,724
44706,724
44718,724
44729,724
44741,724
44752,724
44764,724
44775,724
44786,724
44797,724
44810,724
44821,724
44832,724
44844,723
44855,724
44866,724
44878,724
44890,724
44901,724
44912,724
44923,724
44936,724
44947,724
44958,724
44969,724
44981,724
44992,724
45004,723
45016,724
45027,724
45038,724
45049,724
45061,724
45073,724
45084,724
45095,724
45107,724
45118,724
45129,724
45142,724
45153,724
45164,724
45175,724
45187,724
45198,724
45210,724
45221,724
45233,724
45244,724
45255,724
45266,724
45279,724
45290,724
45301,724
45313,724
45324,724
45336,724
45347,724
45359,724
45370,724
45381,724
45392,723
45405,724
45416,724
45427,724
45438,724
45450,724
45461,724
45473,723
45485,724
45496,724
45507,724
45518,724
45530,724
45542,724
45553,724
45564,724
45576,723
45587,724
45598,724
45611,724
45622,724
45633,723
45644,724
45656,724
45668,724
45679,724
45690,724
45702,724
45713,724
45724,724
45736,724
45748,724
45759,724
45770,724
45782,724
45793,724
45805,724
45816,724
45828,724
45839,724
45850,724
45861,723
45874,724
45885,724
45896,724
45907,724
45919,724
45930,724
45942,724
45954,724
45965,724
45976,724
45987,724
45999,724
46011,724
46022,723
46033,724
46045,724
46056,724
46068,724
46080,724
46091,724
46102,723
46113,724
46125,724
46137,724
46148,724
46159,724
46171,724
46182,724
46193,724
46205,724
46217,724
46228,724
46239,724
46251,724
46262,724
46274,724
46285,724
46297,724
46308,724
46319,724
46330,724
46343,723
46354,724
46365,724
46376,724
46388,724
46400,724
46411,724
46423,724
46434,724
46445,724
46456,724
46469,724
46480,724
46491,723
46502,723
46514,724
46525,724
46537,724
46548,724
46560,724
46571,723
46582,724
46594,724
46606,724
46617,724
46628,724
46640,724
46651,723
46662,724
46674,724
46686,724
46697,724
46708,723
46720,724
46731,724
46743,724
46754,724
46766,724
46777,723
46788,724
46800,724
46812,724
46823,724
46834,724
46845,724
46857,724
46869,724
46880,724
46892,723
46903,724
46914,724
46925,724
46938,724
46949,724
46960,724
46971,724
46983,724
46994,724
47006,724
47017,724
47029,724
47040,723
47051,724
47063,724
47075,724
47086,724
47097,724
47109,724
47120,724
47132,724
47143,724
47155,724
47166,724
47177,724
47188,724
47201,723
47212,724
47223,723
47235,724
47246,724
47257,724
47269,724
47281,724
47292,723
47303,724
47314,724
47326,724
47338,724
47349,724
47361,724
47372,724
47383,724
47394,724
47407,724
47418,724
47429,724
47440,724
47452,724
47463,724
47475,724
47486,724
47498,724
47509,724
47520,724
47533,724
47544,724
47555,724
47566,724
47578,724
47589,724
47601,724
47612,724
47624,724
47635,724
47646,724
47657,724
47670,724
47681,724
47692,724
47704,724
47715,724
47726,724
47738,724
47750,723
47761,724
47772,724
47783,724
47795,724
47807,723
47818,724
47830,724
47841,724
47852,724
47864,724
47876,724
47887,724
47898,724
47909,723
47921,724
47933,724
47944,724
47955,724
47967,724
47978,724
47989,723
48002,724
48013,724
48024,724
48035,724
48047,724
48058,724
48070,724
48081,724
48093,724
48104,724
48115,724
48126,724
48139,723
48150,724
48161,724
48173,724
48184,724
48195,724
48207,724
48219,723
48230,724
48241,724
48252,724
48265,724
48276,724
48287,724
48299,723
48310,724
48321,724
48333,724
48345,724
48356,724
48367,724
48378,723
48390,723
48402,724
48413,724
48424,724
48436,724
48447,724
48458,724
48471,724
48482,724
48493,724
48504,724
48516,724
48527,724
48539,723
48550,724
48562,724
48573,724
48584,724
48596,724
48608,724
48619,724
48630,724
48642,723
48653,724
48665,724
48676,724
48688,723
48699,724
48710,724
48721,723
48734,723
48745,724
48756,724
48768,723
48779,723
48790,723
48802,724
48814,724
48825,724
48836,724
48847,723
48859,723
48871,724
48882,724
48893,724
48905,723
48916,724
48927,723
48940,724
48951,724
48962,724
48973,723
48985,724
48997,724
49008,723
49019,724
49031,724
49042,724
49053,724
49065,723
49077,723
49088,724
49099,723
49111,724
49122,724
49134,724
49145,723
49157,724
49168,723
49179,724
49190,723
49203,723
49214,723
49225,723
49236,723
49248,723
49259,724
49271,723
49283,723
49294,723
49305,724
49316,723
49329,724
49340,723
49351,724
49362,723
49374,723
49385,724
49397,723
49409,723
49420,723
49431,723
49442,723
49454,723
49466,724
49477,723
49488,723
49500,724
49511,724
49522,724
49534,724
49546,724
49557,723
49568,724
49580,723
49591,724
49603,724
49614,723
49626,724
49637,723
49648,723
49659,724
49672,723
49683,724
49694,724
49705,723
49717,723
49729,723
49740,724
49752,724
49763,724
49774,723
49785,723
49798,724
49809,723
49820,723
49831,724
49843,723
49854,723
49866,723
49878,724
49889,723
49900,723
49911,724
49923,723
49935,724
49946,723
49957,723
49969,723
49980,724
49991,723
50003,723
50015,723
50026,723
50037,723
50049,724
50061,724
50072,723
50083,723
50095,724
50106,723
50117,724
50129,723
50141,723
50152,723
50163,723
50174,723
50186,723
50198,723
50209,723
50221,723
50232,723
50243,724
50254,723
50267,723
50278,723
50289,723
50300,724
50312,724
50323,723
50335,723
50347,723
50358,723
50369,723
50380,724
50392,723
50404,724
50415,723
50426,724
50438,723
50449,724
50461,724
50472,723
50484,723
50495,723
50506,723
50518,724
50530,723
50541,724
50552,723
50564,723
50575,723
50586,723
50598,723
50610,724
50621,723
50632,723
50643,723
50655,723
50667,723
50678,723
50690,723
50701,723
50712,723
50723,724
50736,723
50747,723
50758,723
50769,723
50781,723
50793,724
50804,723
50816,723
50827,723
50838,723
50849,723
50862,723
50873,723
50884,723
50895,723
50907,723
50918,723
50930,724
50941,723
50953,723
50964,723
50975,723
50987,723
50999,723
51010,723
51021,723
51033,724
51044,723
51055,723
51067,723
51079,723
51090,723
51101,723
51112,724
51124,724
51136,723
51147,723
51159,723
51170,723
51181,723
51193,724
51205,723
51216,723
51227,723
51238,723
51250,723
51262,723
51273,724
51284,723
51296,723
51307,723
51318,724
51331,723
51342,723
51353,723
51364,723
51376,723
51387,723
51399,723
51410,724
51422,723
51433,724
51444,723
51456,723
51468,723
51479,724
51490,723
51502,724
51513,723
51525,723
51536,724
51548,723
51559,723
51570,723
51581,724
51594,723
51605,723
51616,724
51628,723
51639,723
51650,723
51662,723
51674,723
51685,723
51696,723
51707,723
51719,723
51731,723
51742,723
51753,723
51765,723
51776,723
51787,723
51800,723
51811,724
51822,723
51833,723
51845,723
51856,723
51868,724
51879,723
51891,723
51902,723
51913,723
51926,723
51937,723
51948,723
51959,723
51971,723
51982,723
51994,723
52005,723
52017,723
52028,724
52039,723
52050,723
52063,723
52074,723
52085,723
52097,724
52108,724
52119,724
52131,723
52143,723
52154,723
52165,723
52176,724
52188,723
52200,723
52211,723
52222,723
52234,723
52245,724
52257,724
52269,723
52280,723
52291,723
52302,723
52314,723
52326,724
52337,723
52348,724
52360,724
52371,723
52382,724
52395,723
52406,723
52417,723
52428,723
52440,723
52451,723
52463,723
52474,723
52486,723
52497,723
52508,723
52519,723
52532,723
52543,723
52554,723
52566,723
52577,724
52588,723
52600,724
52612,723
52623,723
52634,723
52645,723
52658,723
52669,723
52680,723
52691,723
52703,723
52714,723
52726,723
52738,723
52749,723
52760,723
52771,723
52783,723
52795,723
52806,723
52817,723
52829,723
52840,724
52851,723
52864,723
52875,723
52886,724
52897,723
52909,723
52920,723
52932,723
52943,723
52955,723
52966,723
52977,723
52989,723
53001,724
53012,723
53023,723
53035,723
53046,724
53058,723
53069,723
53081,723
53092,723
53103,723
53114,723
53127,723
53138,723
53149,723
53160,723
53172,723
53183,723
53195,723
53207,723
53218,723
53229,723
53240,723
53252,724
53264,723
53275,723
53286,723
53298,723
53309,723
53320,723
53332,723
53344,723
53355,723
53366,723
53378,723
53390,723
53401,723
53412,723
53424,723
53435,723
53446,723
53458,723
53470,723
53481,723
53492,723
53504,723
53515,723
53527,724
53538,723
53550,723
53561,723
53572,723
53583,723
53596,723
53607,723
53618,723
53629,723
53641,723
53652,723
53664,723
53676,724
53687,724
53698,723
53709,723
53722,723
53733,724
53744,723
53755,723
53767,723
53778,723
53790,723
53801,723
53813,723
53824,723
53835,723
53847,723
53859,723
53870,723
53881,723
53893,723
53904,723
53915,724
53927,723
53939,723
53950,723
53961,723
53972,723
53984,723
53996,723
54007,724
54019,723
54030,723
54041,723
54052,723
54065,723
54076,723
54087,723
54098,723
54110,723
54122,723
54133,723
54145,723
54156,723
54167,723
54178,723
54191,723
54202,723
54213,723
54224,724
54236,723
54247,723
54259,723
54270,723
54282,723
54293,723
54304,723
54316,723
54328,723
54339,723
54350,723
54362,723
54373,723
54384,723
54396,723
54408,724
54419,723
54430,723
54441,723
54454,723
54465,723
54476,723
54488,724
54499,723
54510,723
54522,723
54534,723
54545,723
54556,723
54567,723
54579,723
54591,723
54602,724
54614,724
54625,724
54636,723
54647,723
54660,723
54671,723
54682,724
54693,724
54705,724
54716,723
54728,724
54739,724
54751,723
54762,724
54773,724
54785,723
54797,724
54808,724
54819,724
54831,724
54842,724
54854,724
54865,724
54877,724
54888,723
54899,724
54910,724
54923,724
54934,724
54945,724
54957,724
54968,724
54979,724
54991,724
55003,724
55014,724
55025,724
55036,724
55048,724
55060,724
55071,724
55083,724
55094,724
55105,724
55116,724
55129,724
55140,724
55151,724
55162,724
55174,724
55186,724
55197,724
55208,725
55220,725
55231,725
55242,724
55255,725
55266,724
55277,724
55288,724
55300,724
55311,724
55323,724
55334,724
55346,724
55357,724
55368,724
55379,725
55392,724
55403,724
55414,724
55426,725
55437,724
55448,725
55460,724
55472,725
55483,725
55494,724
55505,725
55517,724
55529,724
55540,725
55552,724
55563,724
55574,724
55586,724
55598,724
55609,725
55620,724
55631,724
55643,724
55655,724
55666,724
55677,724
55689,724
55700,724
55711,724
55724,724
55735,724
55746,724
55757,725
55769,724
55780,724
55792,724
55803,724
55815,724
55826,724
55837,724
55848,724
55861,724
55872,725
55883,724
55895,724
55906,724
55918,724
55929,724
55941,724
55952,724
55963,725
55974,724
55987,724
55998,724
56009,724
56020,725
56032,724
56043,724
56055,724
56067,724
56078,724
56089,724
56100,724
56112,724
56124,724
56135,724
56146,724
56158,724
56169,724
56180,724
56193,724
56204,724
56215,724
56226,724
56238,724
56249,724
56261,724
56272,724
56284,724
56295,724
56306,724
56318,724
56330,724
56341,724
56352,724
56364,724
56375,724
56387,724
56398,724
56410,724
56421,724
56432,724
56443,724
56456,724
56467,724
56478,724
56489,724
56501,724
56512,724
56524,724
56536,723
56547,724
56558,724
56569,724
56581,724
56593,724
56604,724
56615,724
56627,724
56638,724
56650,724
56662,724
56673,724
56684,724
56695,724
56707,724
56719,724
56730,724
56741,724
56753,724
56764,724
56775,724
56787,724
56799,724
56810,724
56821,724
56833,724
56844,724
56856,724
56867,724
56879,724
56890,724
56901,724
56912,724
56925,724
56936,724
56947,724
56958,724
56970,724
56981,724
56993,724
57005,723
57016,724
57027,724
57038,724
57051,724
57062,724
57073,724
57084,724
57096,724
57107,724
57119,724
57131,724
57142,724
57153,724
57164,723
57176,723
57188,724
57199,724
57210,724
57222,724
57233,724
57244,724
57256,724
57268,723
57279,724
57290,723
57302,723
57313,724
57325,723
57336,723
57348,724
57359,723
57370,724
57382,723
57394,724
57405,724
57416,723
57427,723
57439,724
57451,723
57462,723
57474,723
57485,723
57496,723
57507,723
57520,723
57531,724
57542,723
57553,723
57565,723
57576,723
57588,723
57600,724
57611,723
57622,723
57633,723
57645,723
57657,723
57668,723
57679,723
57691,723
57702,723
57713,723
57725,723
57737,723
57748,723
57759,723
57771,723
57783,723
57794,723
57805,723
57817,723
57828,723
57839,723
57851,723
57863,723
57874,723
57885,723
57896,723
57908,723
57920,723
57931,723
57943,723
57954,723
57965,723
57976,723
57989,723
58000,723
58011,723
58022,723
58034,722
58045,723
58057,723
58068,723
58080,723
58091,723
58102,722
58115,723
58126,723
58137,723
58148,723
58160,723
58171,723
58183,722
58194,723
58206,723
58217,723
58228,723
58240,723
58252,723
58263,723
58274,723
58286,723
58297,723
58308,723
58320,723
58332,723
58343,722
58354,723
58365,722
58377,723
58389,722
58400,722
58412,723
58423,723
58434,723
58445,723
58458,723
58469,722
58480,722
58491,723
58503,722
58515,723
58526,723
58537,723
58549,722
58560,722
58571,723
58584,722
58595,723
58606,722
58617,722
58629,723
58640,722
58652,723
58663,723
58675,722
58686,723
58697,722
58708,722
58721,722
58732,722
58743,723
58755,722
58766,722
58777,722
58789,722
58801,722
58812,723
58823,722
58834,722
58847,722
58858,722
58869,722
58881,723
58892,722
58903,722
58915,722
58927,722
58938,723
58949,722
58960,722
58972,722
58984,722
58995,722
59006,722
59018,722
59029,722
59040,722
59053,722
59064,722
59075,722
59086,722
59098,722
59109,722
59121,722
59132,722
59144,722
59155,722
59166,722
59177,722
59190,722
59201,722
59212,723
59224,722
59235,722
59247,722
59258,722
59270,722
59281,721
59292,722
59303,722
59316,722
59327,722
59338,722
59350,722
59361,722
59372,722
59384,722
59396,722
59407,722
59418,722
59429,722
59441,722
59453,722
59464,722
59475,722
59487,722
59498,722
59509,722
59522,722
59533,722
59544,722
59555,722
59567,722
59579,722
59590,722
59601,722
59613,722
59624,722
59635,722
59648,722
59659,722
59670,722
59681,722
59693,722
59704,722
59716,722
59727,722
59739,722
59750,722
59761,721
59772,722
59785,722
59796,722
59807,722
59819,722
59830,721
59841,722
59853,722
59865,722
59876,722
59887,722
59898,722
59910,721
59922,722
59933,722
59944,722
59956,722
59967,722
59979,722
59991,722
60002,722
60013,722
60024,722
60036,722
60048,722
60059,722
60070,722
60082,722
60093,722
60104,722
60116,722
60128,722
60139,722
60150,722
60162,722
60173,722
60185,722
60196,722
60208,722
60219,722
60230,722
60241,722
60254,722
60265,722
60276,722
60288,722
60299,721
60311,722
60322,722
60334,722
60345,722
60356,722
60367,722
60380,722
60391,722
60402,722
60413,722
60425,722
60436,722
60448,722
60460,721
60471,722
60482,721
60493,722
60505,722
60517,722
60528,722
60539,722
60551,722
60562,722
60573,721
60585,722
60597,722
60608,722
60619,721
60631,721
60642,722
60654,722
60665,721
60677,722
60688,722
60699,721
60711,722
60723,721
60734,722
60745,722
60756,721
60768,722
60780,721
60791,721
60803,722
60814,722
60825,722
60836,722
60849,721
60860,721
60871,722
60882,721
60894,722
60905,722
60917,722
60929,721
60940,721
60951,722
60962,721
60974,721
60986,721
60997,722
61008,721
61020,721
61031,721
61043,721
61054,722
61066,722
61077,722
61088,721
61100,722
61112,721
61123,721
61134,721
61146,722
61157,722
61168,721
61180,721
61192,721
61203,722
61214,722
61225,722
61237,722
61249,721
61260,722
61272,721
61283,721
61294,721
61305,722
61318,722
61329,721
61340,722
61351,721
61363,722
61374,721
61386,721
61398,721
61409,721
61420,722
61431,721
61444,721
61455,721
61466,722
61477,721
61489,721
61500,721
61512,721
61523,721
61535,721
61546,721
61557,722
61569,721
61581,721
61592,722
61603,722
61615,721
61626,722
61637,721
61649,721
61661,722
61672,722
61683,721
61694,722
61706,722
61718,721
61729,721
61741,722
61752,722
61763,721
61775,721
61787,722
61798,721
61809,722
61820,722
61832,721
61844,721
61855,721
61867,722
61878,721
61889,721
61900,721
61913,721
61924,721
61935,721
61946,721
61958,721
61969,721
61981,721
61992,721
62004,721
62015,721
62026,721
62038,721
62050,721
62061,722
62072,721
62084,721
62095,721
62106,722
62118,722
62130,722
62141,721
62152,722
62163,722
62176,722
62187,721
62198,722
62210,722
62221,721
62232,721
62244,722
62256,722
62267,722
62278,721
62289,721
62301,721
62313,721
62324,722
62336,722
62347,721
62358,722
62369,722
62382,721
62393,722
62404,722
62415,721
62427,722
62438,721
62450,721
62461,721
62473,721
62484,722
62495,722
62508,721
62519,722
62530,721
62541,722
62553,722
62564,722
62576,721
62587,722
62599,721
62610,722
62621,722
62632,721
62645,722
62656,722
62667,721
62679,722
62690,722
62701,721
62713,721
62725,722
62736,721
62747,722
62758,721
62770,722
62782,721
62793,722
62804,722
62816,721
62827,722
62838,721
62851,721
62862,722
62873,721
62884,722
62896,721
62908,721
62919,721
62930,721
62942,722
62953,722
62964,722
62977,722
62988,722
62999,722
63010,721
63022,721
63033,722
63045,722
63056,721
63068,722
63079,721
63090,721
63101,722
63114,722
63125,721
63136,722
63148,721
63159,722
63170,722
63182,721
63194,722
63205,721
63216,721
63227,722
63240,722
63251,722
63262,722
63273,722
63285,721
63296,721
63308,722
63320,722
63331,722
63342,722
63353,722
63365,721
63377,722
63388,722
63399,722
63411,722
63422,722
63433,722
63446,722
63457,721
63468,722
63479,722
63491,722
63502,722
63514,721
63525,722
63537,722
63548,722
63559,722
63570,722
63583,722
63594,722
63605,722
63617,722
63628,722
63640,722
63651,722
63663,721
63674,722
63685,722
63696,722
63709,722
63720,722
63731,722
63742,722
63754,721
63765,722
63777,722
63789,722
63800,722
63811,722
63822,722
63834,722
63846,722
63857,722
63868,722
63880,722
63891,722
63902,722
63915,721
63926,722
63937,722
63948,722
63960,722
63972,722
63983,722
63994,722
64006,722
64017,722
64028,722
64040,722
64052,722
64063,722
64074,722
64086,722
64097,722
64109,722
64120,722
64132,722
64143,722
64154,722
64165,722
64178,722
64189,722
64200,722
64211,722
64223,722
64234,722
64246,722
64258,722
64269,722
64280,722
64291,722
64303,721
64315,722
64326,722
64337,722
64349,722
64360,722
64372,722
64384,722
64395,722
64406,722
64417,722
64429,722
64441,722
64452,722
64463,722
64475,722
64486,722
64497,722
64509,722
64521,722
64532,722
64543,722
64555,722
64566,721
64578,722
64589,722
64601,722
64612,722
64623,722
64634,722
64647,722
64658,722
64669,722
64680,722
64692,722
64704,722
64715,722
64727,722
64738,722
64749,722
64760,722
64773,721
64784,722
64795,722
64806,722
64818,722
64829,722
64841,722
64852,721
64864,722
64875,722
64886,722
64898,722
64910,722
64921,722
64932,721
64944,722
64955,722
64966,722
64978,722
64990,722
65001,722
65012,722
65024,722
65035,722
65047,722
65058,722
65070,722
65081,722
65092,722
65104,722
65116,722
65127,722
65138,722
65149,722
65161,722
65173,722
65184,722
65196,722
65207,722
65218,722
65229,722
65242,722
65253,722
65264,722
65275,722
65287,722
65298,722
65310,722
65321,721
65333,722
65344,722
65355,722
65367,722
65379,722
65390,722
65401,722
65413,722
65424,722
65436,722
65447,722
65459,722
65470,722
65481,722
65492,722
65505,722
65516,722
65527,722
65539,722
65550,722
65561,722
65573,722
65585,722
65596,722
65607,722
65618,722
65630,722
65642,722
65653,722
65665,722
65676,722
65687,722
65698,722
65711,722
65722,722
65733,722
65744,722
65756,722
65767,722
65779,722
65790,722
65802,722
65813,722
65824,722
65837,722
65848,722
65859,722
65870,721
65882,722
65893,722
65905,722
65916,722
65928,722
65939,722
65950,722
65961,722
65974,722
65985,722
65996,722
66008,722
66019,722
66030,722
66042,722
66054,722
66065,722
66076,722
66087,722
66099,722
66111,722
66122,723
66134,722
66145,722
66156,722
66168,722
66180,722
66191,722
66202,722
66213,722
66225,722
66237,722
66248,722
66259,722
66271,722
66282,722
66293,722
66306,722
66317,722
66328,722
66339,722
66351,722
66362,722
66374,722
66385,722
66397,722
66408,722
66419,722
66430,722
66443,722
66454,722
66465,722
66477,722
66488,722
66499,722
66511,722
66523,722
66534,722
66545,722
66556,722
66569,722
66580,722
66591,723
66603,722
66614,722
66625,722
66637,722
66649,723
66660,722
66671,722
66682,722
66694,722
66706,722
66717,723
66728,722
66740,722
66751,723
66762,722
66775,723
66786,722
66797,722
66808,722
66820,722
66831,722
66843,722
66854,722
66866,722
66877,722
66888,722
66900,723
66912,722
66923,722
66934,722
66946,722
66957,723
66969,722
66980,723
66992,723
67003,723
67014,722
67025,723
67038,723
67049,722
67060,722
67072,722
67083,722
67094,722
67106,723
67118,723
67129,722
67140,723
67151,723
67163,722
67175,723
67186,722
67197,723
67209,722
67220,722
67231,722
67244,723
67255,723
67266,723
67277,723
67289,723
67301,723
67312,722
67323,723
67335,722
67346,723
67357,723
67369,722
67381,723
67392,723
67403,722
67415,723
67426,722
67438,722
67449,722
67461,723
67472,723
67483,723
67494,722
67507,723
67518,722
67529,723
67540,723
67552,723
67563,723
67575,723
67587,723
67598,722
67609,723
67620,723
67633,723
67644,722
67655,722
67666,723
67678,723
67689,723
67701,723
67713,722
67724,723
67735,722
67746,723
67758,722
67770,723
67781,723
67792,723
67804,723
67815,723
67826,723
67838,723
67850,723
67861,722
67872,723
67884,723
67895,722
67907,723
67918,723
67930,723
67941,723
67952,723
67963,723
67976,723
67987,722
67998,723
68009,723
68021,722
68033,722
68044,723
68056,722
68067,723
68078,723
68089,722
68102,723
68113,723
68124,723
68135,723
68147,722
68158,723
68170,722
68182,723
68193,723
68204,723
68215,723
68227,722
68239,723
68250,723
68261,722
68273,723
68284,723
68295,723
68307,722
68319,723
68330,723
68341,723
68353,723
68365,723
68376,723
68387,722
68399,723
68410,722
68421,723
68433,723
68445,723
68456,723
68467,723
68478,723
68490,723
68502,723
68513,723
68525,723
68536,722
68547,723
68558,723
68571,723
68582,723
68593,722
68604,723
68616,722
68627,723
68639,723
68651,723
68662,723
68673,723
68684,723
68696,722
68708,723
68719,723
68730,723
68742,723
68753,723
68765,723
68776,722
68788,723
68799,723
68810,723
68822,723
68834,722
68845,723
68856,722
68868,723
68879,723
68890,723
68902,723
68914,723
68925,723
68936,722
68947,723
68959,723
68971,723
68982,723
68994,723
69005,723
69016,723
69027,723
69040,723
69051,723
69062,722
69073,723
69085,723
69097,723
69108,723
69120,722
69131,723
69142,723
69153,723
69166,723
69177,723
69188,723
69199,723
69211,723
69222,723
69234,723
69245,722
69257,723
69268,723
69279,723
69291,723
69303,723
69314,723
69325,722
69337,723
69348,723
69359,722
69371,723
69383,723
69394,723
69405,723
69416,723
69428,723
69440,723
69451,722
69463,723
69474,723
69485,723
69497,723
69509,723
69520,723
69531,723
69542,723
69554,723
69566,723
69577,723
69588,723
69600,723
69611,723
69622,723
69635,723
69646,723
69657,723
69668,723
69680,722
69691,723
69703,723
69714,722
69726,723
69737,723
69748,723
69760,723
69772,723
69783,723
69794,723
69806,723
69817,723
69829,723
69840,723
69852,723
69863,723
69874,722
69885,722
69898,723
69909,723
69920,723
69932,723
69943,723
69954,723
69966,723
69978,723
69989,723
70000,723
70011,723
70023,723
70035,722
70046,723
70057,723
70069,723
70080,723
70091,723
70104,723
70115,723
70126,722
70137,723
70149,723
70160,722
70172,723
70183,723
70195,723
70206,723
70217,723
70230,723
70241,723
70252,723
70263,722
70275,723
70286,723
70298,723
70309,722
70321,723
70332,723
70343,723
70354,723
70367,723
70378,722
70389,723
70401,723
70412,723
70423,723
70435,723
70447,723
70458,723
70469,723
70480,723
70492,723
70504,722
70515,723
70526,723
70538,722
70549,723
70561,723
70573,723
70584,722
70595,723
70606,723
70618,723
70630,723
70641,723
70652,723
70664,723
70675,723
70686,723
70699,723
70710,723
70721,723
70732,723
70744,722
70755,723
70767,723
70778,723
70790,723
70801,722
70812,723
70823,723
70836,723
70847,723
70858,723
70870,723
70881,723
70892,722
70904,723
70916,723
70927,723
70938,723
70949,723
70962,723
70973,722
70984,723
70995,723
71007,723
71018,723
71030,723
71042,723
71053,722
71064,723
71075,722
71087,723
71099,722
71110,722
71121,723
71133,723
71144,723
71155,722
71168,723
71179,723
71190,722
71201,723
71213,723
71224,723
71236,722
71247,722
71259,723
71270,722
71281,723
71293,722
71305,723
71316,723
71327,722
71339,723
71350,723
71362,722
71373,723
71385,722
71396,723
71407,722
71418,723
71431,723
71442,722
71453,723
71464,723
71476,722
71487,723
71499,723
71511,722
71522,723
71533,723
71544,722
71556,723
71568,723
71579,723
71590,723
71602,722
71613,723
71624,723
71636,723
71648,723
71659,722
71670,723
71682,722
71694,722
71705,722
71716,723
71728,722
71739,722
71750,723
71762,722
71774,723
71785,722
71796,723
71808,722
71819,723
71831,723
71842,722
71854,723
71865,722
71876,722
71887,723
71900,722
71911,722
71922,723
71933,722
71945,722
71956,722
71968,722
71980,722
71991,722
72002,723
72013,723
72026,722
72037,722
72048,723
72059,722
72071,722
72082,723
72094,722
72105,722
72117,722
72128,722
72139,722
72151,722
72163,722
72174,722
72185,722
72197,722
72208,722
72219,722
72231,722
72243,722
72254,722
72265,722
72276,722
72288,722
72300,722
72311,722
72323,722
72334,722
72345,722
72356,722
72369,722
72380,722
72391,722
72402,722
72414,722
72426,722
72437,723
72449,722
72460,722
72471,722
72482,722
72495,722
72506,722
72517,722
72528,722
72540,722
72551,722
72563,722
72574,722
72586,722
72597,722
72608,722
72620,722
72632,722
72643,722
72654,722
72666,722
72677,722
72688,722
72700,721
72712,722
72723,722
72734,722
72745,722
72758,722
72769,722
72780,722
72792,722
72803,722
72814,722
72826,722
72838,722
72849,722
72860,722
72871,722
72883,722
72895,722
72906,722
72918,722
72929,722
72940,722
72951,722
72964,722
72975,722
72986,722
72997,722
73009,722
73020,722
73032,722
73043,722
73055,723
73066,722
73077,722
73089,721
73101,722
73112,722
73123,722
73135,722
73146,722
73158,722
73169,722
73181,722
73192,722
73203,722
73214,722
73227,722
73238,722
73249,722
73261,722
73272,722
73283,722
73295,722
73307,722
73318,722
73329,722
73340,722
73352,721
73364,722
73375,722
73387,722
73398,722
73409,722
73420,722
73433,722
73444,722
73455,722
73466,722
73478,722
73490,722
73501,722
73512,722
73524,722
73535,722
73546,722
73559,722
73570,722
73581,722
73592,722
73604,722
73615,722
73627,722
73638,722
73650,722
73661,722
73672,722
73683,722
73696,722
73707,722
73718,721
73730,722
73741,722
73752,722
73764,722
73776,722
73787,722
73798,722
73809,722
73821,722
73833,722
73844,722
73856,722
73867,722
73878,721
73890,722
73902,722
73913,722
73924,722
73935,722
73947,722
73959,722
73970,722
73981,722
73993,722
74004,722
74015,722
74028,722
74039,722
74050,722
74061,722
74073,722
74084,722
74096,722
74107,722
74119,722
74130,722
74141,722
74152,722
74165,722
74176,722
74187,722
74199,722
74210,722
74222,722
74233,722
74245,722
74256,722
74267,721
74278,722
74291,722
74302,722
74313,722
74324,722
74336,722
74347,722
74359,722
74371,722
74382,722
74393,722
74404,722
74416,722
74428,722
74439,722
74450,722
74462,722
74473,722
74484,722
74497,722
74508,722
74519,722
74530,722
74542,722
74553,722
74565,722
74576,722
74588,722
74599,722
74610,722
74622,722
74634,722
74645,722
74656,722
74668,722
74679,722
74691,722
74702,722
74714,722
74725,722
74736,721
74747,721
74760,722
74771,722
74782,722
74793,722
74805,722
74816,722
74828,722
74840,722
74851,722
74862,722
74873,722
74885,722
74897,721
74908,722
74919,722
74931,722
74942,722
74954,722
74966,722
74977,722
74988,722
74999,722
75011,722
75023,722
75034,722
75045,722
75057,722
75068,722
75079,722
75091,722
75103,722
75114,722
75125,722
75137,722
75148,722
75160,722
75171,722
75183,722
75194,722
75205,722
75216,722
75229,722
75240,722
75251,722
75262,722
75274,722
75285,722
75297,722
75309,722
75320,722
75331,722
75342,722
75355,722
75366,722
75377,722
75388,722
75400,722
75411,722
75423,722
75435,722
75446,721
75457,722
75468,722
75480,722
75492,722
75503,722
75514,722
75526,722
75537,722
75548,721
75560,722
75572,722
75583,722
75594,722
75606,721
75617,722
75629,722
75640,722
75652,722
75663,722
75674,722
75686,722
75698,722
75709,722
75720,722
75731,722
75743,722
75755,722
75766,722
75778,722
75789,722
75800,722
75811,722
75824,722
75835,722
75846,722
75857,722
75869,722
75880,722
75892,722
75904,722
75915,721
75926,722
75937,722
75949,722
75961,722
75972,722
75983,722
75995,721
76006,722
76017,722
76029,721
76041,722
76052,722
76063,722
76075,721
76087,722
76098,722
76109,722
76121,722
76132,722
76143,722
76155,722
76167,722
76178,722
76189,722
76200,722
76212,722
76224,722
76235,722
76247,722
76258,722
76269,722
76280,722
76293,722
76304,722
76315,722
76326,722
76338,722
76349,722
76361,722
76372,722
76384,722
76395,722
76406,722
76419,722
76430,722
76441,722
76452,722
76464,722
76475,722
76487,722
76498,722
76510,722
76521,722
76532,722
76544,721
76556,722
76567,722
76578,722
76590,722
76601,722
76612,722
76624,722
76636,723
76647,722
76658,722
76669,722
76681,722
76693,722
76704,722
76716,722
76727,722
76738,722
76749,722
76762,722
76773,722
76784,722
76795,722
76807,722
76819,722
76830,722
76841,722
76853,722
76864,722
76875,722
76888,722
76899,722
76910,722
76921,722
76933,722
76944,722
76956,722
76967,722
76979,722
76990,722
77001,722
77012,722
77025,722
77036,722
77047,722
77059,722
77070,722
77081,722
77093,722
77105,722
77116,722
77127,722
77138,722
77151,722
77162,722
77173,721
77185,722
77196,722
77207,722
77219,722
77231,722
77242,722
77253,722
77264,722
77276,722
77288,722
77299,722
77310,722
77322,722
77333,722
77344,722
77357,722
77368,722
77379,722
77390,722
77402,722
77413,722
77425,722
77436,722
77448,722
77459,722
77470,722
77481,722
77494,722
77505,722
77516,722
77528,722
77539,722
77551,722
77562,722
77574,722
77585,722
77596,722
77607,722
77620,722
77631,722
77642,722
77654,722
77665,722
77676,722
77688,722
77700,722
77711,722
77722,721
77733,722
77745,721
77757,722
77768,722
77779,722
77791,722
77802,722
77813,722
77826,722
77837,722
77848,722
77859,722
77871,722
77883,722
77894,722
77905,722
77917,722
77928,722
77939,722
77952,722
77963,722
77974,722
77985,722
77997,722
78008,722
78020,722
78031,722
78043,722
78054,722
78065,722
78076,722
78089,722
78100,722
78111,721
78123,722
78134,722
78145,722
78157,722
78169,722
78180,722
78191,722
78202,722
78214,722
78226,722
78237,722
78248,722
78260,722
78271,722
78283,722
78295,722
78306,722
78317,722
78328,722
78340,722
78352,722
78363,722
78374,722
78386,722
78397,722
78408,722
78420,722
78432,722
78443,722
78454,722
78466,722
78477,722
78489,722
78500,722
78512,722
78523,722
78534,722
78545,722
78558,722
78569,722
78580,722
78592,721
78603,722
78615,722
78626,722
78638,722
78649,722
78660,721
78671,722
78684,722
78695,722
78706,722
78717,722
78729,722
78740,721
78752,723
78764,722
78775,722
78786,722
78797,722
78809,722
78821,722
78832,722
78843,722
78855,722
78866,722
78877,722
78889,722
78901,722
78912,722
78923,722
78935,722
78946,722
78958,722
78969,722
78981,722
78992,722
79003,722
79015,722
79027,722
79038,722
79049,722
79060,722
79072,722
79084,722
79095,722
79107,722
79118,722
79129,722
79140,722
79153,722
79164,722
79175,722
79186,722
79198,722
79209,722
79221,722
79233,722
79244,722
79255,722
79266,722
79278,722
79290,721
79301,723
79312,722
79324,722
79335,722
79347,722
79358,722
79370,722
79381,722
79392,722
79404,722
79416,722
79427,722
79438,722
79450,722
79461,722
79472,722
79484,722
79496,722
79507,722
79518,722
79529,722
79541,722
79553,722
79564,722
79576,722
79587,722
79598,722
79609,722
79622,722
79633,722
79644,722
79655,722
79667,722
79678,722
79690,722
79702,722
79713,722
79724,722
79735,722
79748,722
79759,722
79770,722
79781,722
79793,722
79804,722
79816,722
79827,722
79839,721
79850,722
79861,722
79873,722
79885,722
79896,722
79907,722
79919,722
79930,722
79941,721
79953,722
79965,722
79976,722
79987,722
79998,722
80010,722
80022,722
80033,722
80045,722
80056,722
80067,722
80079,722
80091,722
80102,722
80113,722
80124,722
80136,722
80148,722
80159,722
80171,722
80182,722
80193,722
80204,722
80217,722
80228,722
80239,722
80250,722
80262,722
80273,722
80285,722
80296,722
80308,722
80319,722
80330,722
80342,722
80354,722
80365,722
80376,722
80388,721
80399,722
80410,722
80422,722
80434,722
80445,722
80456,722
80467,722
80480,722
80491,722
80502,722
80514,722
80525,722
80536,722
80548,722
80560,722
80571,722
80582,722
80593,722
80605,722
80617,722
80628,722
80640,722
80651,722
80662,722
80673,722
80686,722
80697,722
80708,722
80719,722
80731,722
80742,722
80754,722
80765,722
80777,722
80788,722
80799,722
80812,722
80823,722
80834,722
80845,722
80857,722
80868,722
80880,722
80891,722
80903,722
80914,722
80925,722
80936,722
80949,722
80960,722
80971,722
80983,722
80994,722
81005,722
81017,722
81029,722
81040,722
81051,722
81062,722
81074,722
81086,722
81097,722
81108,722
81120,722
81131,722
81142,722
81155,722
81166,723
81177,722
81188,722
81200,722
81212,722
81223,722
81234,722
81246,722
81257,722
81268,722
81281,722
81292,722
81303,722
81314,722
81326,722
81337,722
81349,722
81360,722
81372,722
81383,722
81394,722
81405,722
81418,722
81429,722
81440,722
81452,722
81463,722
81474,722
81486,722
81498,722
81509,722
81520,722
81531,722
81544,722
81555,722
81566,722
81577,722
81589,722
81600,722
81612,722
81624,722
81635,722
81646,722
81657,723
81669,722
81681,722
81692,722
81703,722
81715,722
81726,722
81737,722
81750,722
81761,722
81772,722
81783,722
81795,722
81806,722
81818,722
81829,722
81841,722
81852,722
81863,722
81874,722
81887,722
81898,722
81909,722
81921,722
81932,722
81944,722
81955,721
81967,722
81978,722
81989,722
82000,722
82013,722
82024,723
82035,721
82046,722
82058,722
82069,722
82081,722
82093,722
82104,722
82115,722
82126,722
82138,722
82150,722
82161,722
82172,722
82184,722
82195,722
82206,722
82219,722
82230,722
82241,722
82252,722
82264,722
82276,722
82287,722
82298,722
82310,722
82321,722
82332,722
82344,722
82356,722
82367,722
82378,722
82390,722
82401,722
82413,722
82424,722
82436,721
82447,722
82458,722
82469,722
82482,722
82493,722
82504,722
82515,722
82527,722
82538,722
82550,722
82562,722
82573,722
82584,722
82595,722
82607,722
82619,722
82630,722
82641,722
82653,722
82664,722
82676,722
82688,722
82699,722
82710,722
82721,722
82733,722
82745,722
82756,722
82767,722
82779,722
82790,722
82801,722
82813,722
82825,722
82836,722
82847,722
82859,722
82870,722
82882,722
82893,722
82905,722
82916,722
82927,722
82938,722
82951,722
82962,722
82973,722
82984,722
82996,722
83008,722
83019,722
83031,722
83042,722
83053,722
83064,722
83077,722
83088,722
83099,722
83110,722
83122,722
83133,722
83145,722
83156,722
83168,722
83179,722
83190,722
83202,722
83214,722
83225,722
83236,722
83248,722
83259,722
83270,722
83282,723
83294,722
83305,722
83316,722
83328,722
83339,722
83351,722
83362,722
83374,722
83385,722
83396,722
83408,722
83420,722
83431,722
83442,722
83453,722
83465,722
83477,722
83488,722
83500,722
83511,722
83522,722
83533,722
83546,722
83557,722
83568,722
83579,722
83591,722
83602,722
83614,722
83625,722
83637,722
83648,722
83659,722
83671,722
83683,721
83694,722
83705,722
83717,722
83728,722
83740,722
83751,722
83763,722
83774,722
83785,722
83796,722
83809,722
83820,722
83831,722
83843,722
83854,722
83865,722
83877,722
83889,722
83900,722
83911,722
83922,722
83934,722
83946,722
83957,722
83969,722
83980,722
83991,722
84002,722
84015,723
84026,722
84037,722
84048,723
84060,723
84071,723
84083,722
84094,722
84106,722
84117,722
84128,722
84141,723
84152,722
84163,723
84174,722
84186,722
84197,722
84209,722
84220,722
84232,722
84243,722
84254,722
84265,723
84278,722
84289,722
84300,722
84312,722
84323,722
84334,722
84346,722
84358,722
84369,722
84380,723
84391,722
84403,723
84415,722
84426,722
84438,722
84449,723
84460,722
84472,722
84484,722
84495,722
84506,722
84517,722
84529,722
84541,722
84552,722
84563,722
84575,722
84586,722
84597,722
84610,722
84621,722
84632,723
84643,722
84655,722
84666,722
84678,722
84689,722
84701,722
84712,722
84723,722
84734,722
84747,722
84758,722
84769,722
84781,722
84792,722
84803,722
84815,722
84827,722
84838,722
84849,722
84860,722
84873,722
84884,722
84895,722
84907,722
84918,722
84929,722
84941,722
84953,722
84964,722
84975,722
84986,722
84998,722
85010,722
85021,722
85032,723
85044,722
85055,722
85066,723
85079,722
85090,722
85101,722
85112,722
85124,722
85135,722
85147,722
85158,722
85170,723
85181,722
85192,722
85204,722
85216,722
85227,722
85238,722
85250,722
85261,722
85273,723
85284,722
85296,722
85307,722
85318,722
85329,722
85342,722
85353,722
85364,722
85376,722
85387,722
85398,723
85410,722
85422,723
85433,722
85444,722
85455,722
85467,722
85479,722
85490,722
85501,722
85513,722
85524,722
85535,722
85548,722
85559,722
85570,722
85581,723
85593,722
85605,722
85616,722
85627,722
85639,722
85650,722
85661,722
85673,723
85685,722
85696,722
85707,722
85719,722
85730,722
85742,722
85753,722
85765,722
85776,722
85787,723
85798,722
85811,722
85822,722
85833,722
85844,722
85856,723
85867,722
85879,722
85891,723
85902,722
85913,722
85924,722
85937,722
85948,722
85959,722
85970,722
85982,722
85993,722
86005,722
86017,723
86028,723
86039,722
86050,722
86062,722
86074,722
86085,722
86096,722
86108,722
86119,722
86130,723
86142,722
86154,722
86165,722
86176,722
86188,723
86199,722
86211,722
86222,722
86234,722
86245,722
86256,723
86267,722
86280,722
86291,722
86302,722
86313,723
86325,722
86337,722
86348,722
86360,723
86371,722
86382,722
86393,722
86406,722
86417,723
86428,722
86439,723
86451,722
86462,722
86474,722
86486,722
86497,723
86508,722
86519,722
86531,722
86543,722
86554,722
86565,722
86577,723
86588,722
86599,723
86611,722
86623,723
86634,723
86645,723
86657,723
86669,722
86680,722
86691,722
86703,722
86714,722
86725,722
86737,722
86749,722
86760,722
86771,723
86782,722
86794,722
86806,723
86817,722
86829,723
86840,723
86851,722
86862,723
86875,722
86886,722
86897,722
86908,722
86920,723
86931,722
86943,722
86955,723
86966,723
86977,722
86988,723
87000,722
87012,722
87023,722
87034,722
87046,723
87057,723
87069,722
87080,723
87092,722
87103,722
87114,722
87126,722
87138,723
87149,722
87160,722
87172,723
87183,722
87194,723
87206,723
87218,722
87229,723
87240,723
87251,722
87263,723
87275,723
87286,722
87298,723
87309,722
87320,722
87331,722
87344,722
87355,723
87366,722
87377,723
87389,723
87401,722
87412,723
87424,722
87435,723
87446,722
87457,723
87470,723
87481,723
87492,722
87503,722
87515,723
87526,722
87538,723
87549,723
87561,723
87572,723
87583,722
87595,723
87607,722
87618,722
87629,723
87641,723
87652,722
87663,722
87675,722
87687,722
87698,722
87709,723
87720,723
87732,722
87744,722
87755,722
87767,723
87778,723
87789,722
87801,723
87813,723
87824,723
87835,722
87846,723
87858,723
87870,722
87881,723
87892,723
87904,723
87915,722
87926,723
87939,723
87950,723
87961,723
87972,723
87984,723
87995,723
88007,723
88018,722
88030,723
88041,722
88052,723
88064,723
88076,722
88087,723
88098,723
88110,723
88121,722
88133,722
88144,723
88156,723
88167,723
88178,723
88189,723
88202,723
88213,723
88224,723
88236,723
88247,723
88258,722
88270,723
88282,723
88293,723
88304,723
88315,723
88327,723
88339,723
88350,723
88361,723
88373,723
88384,722
88395,723
88408,723
88419,723
88430,723
88441,723
88453,723
88464,722
88476,722
88487,723
88499,723
88510,723
88521,723
88534,723
88545,722
88556,723
88567,723
88579,723
88590,723
88602,723
88613,723
88625,722
88636,723
88647,723
88658,723
88671,723
88682,723
88693,723
88705,723
88716,723
88727,722
88739,723
88751,722
88762,723
88773,723
88784,723
88796,723
88808,722
88819,723
88830,723
88842,723
88853,723
88865,723
88877,723
88888,723
88899,722
88910,723
88922,723
88934,722
88945,723
88956,723
88968,723
88979,723
88990,723
89003,723
89014,722
89025,723
89036,723
89048,723
89059,722
89071,723
89082,723
89094,722
89105,723
89116,723
89127,723
89140,723
89151,723
89162,723
89174,722
89185,723
89196,723
89208,723
89220,723
89231,723
89242,723
89253,723
89266,723
89277,723
89288,723
89299,723
89311,723
89322,723
89334,722
89346,723
89357,723
89368,723
89379,723
89391,723
89403,723
89414,723
89425,723
89437,723
89448,723
89459,723
89472,723
89483,722
89494,723
89505,723
89517,723
89528,723
89540,723
89551,723
89563,723
89574,723
89585,723
89597,723
89609,723
89620,723
89631,723
89643,722
89654,723
89666,723
89677,723
89689,723
89700,723
89711,723
89722,722
89735,723
89746,723
89757,723
89768,723
89780,723
89791,723
89803,723
89815,723
89826,723
89837,723
89848,723
89860,723
89872,723
89883,723
89894,723
89906,723
89917,723
89928,723
89940,723
89952,723
89963,723
89974,723
89986,723
89998,723
90009,723
90020,723
90032,722
90043,723
90054,723
90066,723
90078,723
90089,723
90100,723
90112,722
90123,723
90135,723
90146,723
90158,723
90169,723
90180,723
90191,723
90204,723
90215,723
90226,723
90237,723
90249,723
90260,723
90272,723
90284,723
90295,723
90306,723
90317,723
90330,723
90341,723
90352,723
90363,723
90375,723
90386,723
90398,723
90409,723
90421,723
90432,723
90443,723
90455,723
90467,723
90478,723
90489,723
90501,723
90512,723
90523,723
90535,723
90547,723
90558,723
90569,723
90580,723
90592,723
90604,723
90615,723
90627,723
90638,723
90649,723
90660,723
90673,723
90684,723
90695,723
90706,723
90718,723
90730,723
90741,723
90753,723
90764,723
90775,723
90786,723
90799,723
90810,723
90821,723
90832,723
90844,723
90855,723
90867,723
90878,723
90890,723
90901,723
90912,723
90924,723
90936,723
90947,723
90958,723
90970,723
90981,723
90992,723
91004,723
91016,723
91027,723
91038,723
91049,723
91062,723
91073,723
91084,723
91096,723
91107,723
91118,723
91130,723
91142,723
91153,723
91164,723
91175,723
91187,723
91199,723
91210,723
91222,723
91233,723
91244,723
91255,723
91268,723
91279,723
91290,722
91301,723
91313,723
91324,723
91336,723
91347,723
91359,724
91370,723
91381,723
91393,723
91405,723
91416,723
91427,723
91439,723
91450,723
91462,723
91473,723
91485,723
91496,723
91507,723
91518,723
91531,723
91542,723
91553,723
91565,723
91576,723
91587,723
91599,723
91611,723
91622,723
91633,723
91644,723
91656,723
91668,723
91679,723
91691,722
91702,723
91713,723
91724,723
91737,723
91748,723
91759,723
91770,723
91782,723
91794,723
91805,723
91816,723
91828,723
91839,723
91850,723
91863,723
91874,723
91885,723
91896,723
91908,723
91919,723
91931,723
91942,723
91954,723
91965,723
91976,723
91987,723
92000,723
92011,723
92022,723
92034,723
92045,723
92056,723
92068,723
92080,723
92091,723
92102,723
92113,723
92125,723
92137,723
92148,723
92160,723
92171,723
92182,723
92194,723
92206,723
92217,723
92228,723
92239,723
92251,723
92263,723
92274,723
92285,723
92297,723
92308,722
92319,723
92332,723
92343,723
92354,723
92365,723
92377,723
92388,723
92400,723
92411,723
92423,723
92434,723
92445,723
92456,723
92469,723
92480,723
92491,723
92503,723
92514,723
92526,723
92537,724
92549,723
92560,723
92571,723
92582,723
92595,723
92606,723
92617,723
92628,723
92640,723
92651,723
92663,723
92675,723
92686,723
92697,723
92708,723
92720,723
92732,723
92743,723
92754,724
92766,723
92777,723
92788,723
92801,723
92812,724
92823,723
92834,723
92846,723
92857,723
92869,723
92880,723
92892,723
92903,723
92914,723
92926,723
92938,723
92949,723
92960,723
92972,723
92983,723
92995,723
93006,723
93018,723
93029,723
93040,723
93051,723
93064,723
93075,723
93086,724
93097,723
93109,723
93120,723
93132,723
93144,723
93155,722
93166,723
93177,723
93189,723
93201,723
93212,724
93223,723
93235,724
93246,723
93258,723
93270,723
93281,723
93292,724
93303,723
93315,724
93327,723
93338,723
93349,723
93361,723
93372,724
93383,723
93395,723
93407,723
93418,723
93429,723
93441,723
93452,723
93464,723
93475,723
93487,723
93498,723
93509,724
93520,724
93533,723
93544,723
93555,723
93566,723
93578,723
93589,723
93601,723
93613,723
93624,723
93635,724
93646,723
93659,723
93670,723
93681,723
93692,724
93704,723
93715,724
93727,724
93739,723
93750,723
93761,724
93772,723
93784,723
93796,723
93807,723
93818,724
93830,723
93841,723
93852,723
93864,723
93876,723
93887,723
93898,723
93910,723
93921,723
93933,723
93944,724
93956,723
93967,723
93978,723
93990,723
94002,723
94013,724
94024,723
94035,723
94047,723
94059,723
94070,723
94082,723
94093,724
94104,724
94115,723
94128,723
94139,723
94150,724
94161,723
94173,723
94184,724
94196,723
94208,724
94219,723
94230,723
94241,724
94253,723
94265,723
94276,723
94287,723
94299,724
94310,724
94321,723
94333,723
94345,723
94356,723
94367,724
94379,723
94391,724
94402,724
94413,723
94425,723
94436,724
94447,723
94459,724
94471,724
94482,723
94493,724
94504,723
94516,723
94528,724
94539,724
94551,724
94562,724
94573,723
94584,724
94597,723
94608,724
94619,724
94630,723
94642,723
94653,724
94665,723
94676,724
94688,723
94699,724
94710,723
94723,723
94734,724
94745,723
94756,724
94768,723
94779,724
94791,723
94802,724
94814,723
94825,723
94836,724
94848,724
94860,723
94871,724
94882,724
94894,723
94905,724
94916,723
94928,724
94940,724
94951,724
94962,724
94973,724
94985,723
94997,723
95008,724
95020,724
95031,723
95042,724
95053,723
95066,724
95077,724
95088,723
95099,724
95111,724
95123,724
95134,723
95145,723
95157,724
95168,724
95179,723
95192,724
95203,724
95214,723
95225,724
95237,724
95248,724
95260,724
95271,723
95283,724
95294,723
95305,724
95316,723
95329,724
95340,724
95351,724
95363,723
95374,724
95385,724
95397,723
95409,724
95420,724
95431,724
95442,723
95455,723
95466,724
95477,724
95489,724
95500,723
95511,724
95523,723
95535,723
95546,723
95557,724
95568,724
95580,723
95592,723
95603,723
95614,723
95626,724
95637,724
95648,724
95661,724
95672,724
95683,723
95694,723
95706,723
95717,724
95729,724
95740,724
95752,724
95763,723
95774,724
95785,724
95798,723
95809,724
95820,724
95832,724
95843,724
95855,723
95866,724
95878,724
95889,724
95900,724
95911,724
95924,724
95935,724
95946,724
95958,724
95969,724
95980,724
95992,724
96004,724
96015,724
96026,724
96037,724
96049,724
96061,723
96072,723
96083,724
96095,724
96106,724
96117,724
96130,723
96141,724
96152,723
96163,723
96175,724
96187,724
96198,724
96209,724
96221,724
96232,723
96243,724
96256,723
96267,724
96278,724
96289,724
96301,724
96312,724
96324,724
96335,724
96347,724
96358,724
96369,724
96380,724
96393,724
96404,724
96415,723
96427,724
96438,724
96449,724
96461,724
96473,724
96484,724
96495,723
96506,724
96518,724
96530,724
96541,724
96552,724
96564,724
96575,724
96587,724
96599,724
96610,724
96621,723
96632,723
96644,724
96656,724
96667,724
96678,724
96690,724
96701,723
96712,724
96724,724
96736,724
96747,724
96758,724
96770,724
96781,724
96793,724
96804,724
96816,724
96827,724
96838,724
96849,724
96862,723
96873,724
96884,724
96896,724
96907,724
96919,724
96930,724
96942,724
96953,724
96964,724
96975,724
96988,724
96999,724
97010,724
97021,724
97033,724
97044,724
97056,724
97068,724
97079,724
97090,724
97101,724
97113,724
97125,724
97136,724
97147,724
97159,724
97170,723
97181,724
97193,724
97205,723
97216,724
97227,724
97239,724
97250,723
97262,724
97273,724
97285,724
97296,724
97307,724
97319,723
97331,723
97342,724
97353,724
97364,724
97376,724
97388,724
97399,724
97411,724
97422,724
97433,724
97444,724
97457,724
97468,724
97479,724
97490,724
97502,724
97513,724
97525,724
97537,724
97548,724
97559,724
97570,724
97582,724
97594,724
97605,724
97616,724
97628,724
97639,724
97651,723
97662,724
97674,724
97685,724
97696,724
97708,724
97720,724
97731,724
97742,724
97754,724
97765,724
97776,724
97788,724
97800,723
97811,724
97822,724
97833,724
97845,724
97857,724
97868,724
97880,723
97891,724
97902,724
97913,724
97926,724
97937,724
97948,724
97959,724
97971,724
97982,724
97994,724
98006,724
98017,724
98028,724
98039,724
98052,724
98063,724
98074,724
98085,724
98097,724
98108,724
98120,724
98131,724
98143,724
98154,724
98165,724
98177,724
98189,724
98200,724
98211,724
98223,724
98234,724
98245,724
98257,724
98269,724
98280,724
98291,724
98302,724
98314,724
98326,724
98337,724
98349,723
98360,724
98371,724
98383,724
98395,724
98406,724
98417,724
98428,724
98440,724
98452,724
98463,724
98475,724
98486,724
98497,724
98508,724
98521,724
98532,724
98543,724
98554,724
98566,724
98577,724
98589,724
98600,724
98612,724
98623,724
98634,724
98646,724
98658,724
98669,724
98680,724
98692,724
98703,724
98714,724
98726,724
98738,724
98749,724
98760,724
98771,724
98784,724
98795,724
98806,724
98818,724
98829,724
98840,724
98852,724
98864,724
98875,724
98886,724
98897,723
98909,724
98921,724
98932,724
98944,724
98955,724
98966,724
98977,724
98990,724
99001,724
99012,724
99023,724
99035,724
99046,724
99058,724
99069,724
99081,724
99092,724
99103,724
99116,724
99127,724
99138,724
99149,724
99161,724
99172,724
99184,724
99195,724
99207,724
99218,724
99229,724
99240,724
99253,724
99264,724
99275,724
99287,724
99298,724
99309,724
99321,724
99333,724
99344,724
99355,724
99366,724
99378,724
99390,724
99401,724
99412,724
99424,724
99435,724
99446,724
99459,724
99470,724
99481,724
99492,724
99504,724
99516,724
99527,724
99538,724
99550,724
99561,724
99572,724
99585,724
99596,724
99607,724
99618,724
99630,724
99641,724
99653,724
99664,724
99676,724
99687,724
99698,724
99709,724
99722,724
99733,724
99744,724
99756,725
99767,724
99778,724
99790,724
99802,725
99813,724
99824,724
99835,724
99848,724
99859,724
99870,724
99881,724
99893,725
99904,724
99916,724
99928,725
99939,725
99950,725
99961,724
99973,724
99985,725
99996,724
100007,725
100020,725
100032,725
100044,724
100058,725
100070,724
100082,724
100094,724
100107,725
100120,724
100132,725
100145,725
100157,725
100169,724
100183,725
100195,724
100207,725
100219,724
100232,725
100244,725
100257,725
100270,725
100282,724
100294,724
100306,725
100320,724
100332,725
100344,724
100357,724
100369,725
100382,725
100395,724
100407,725
100419,724
100431,725
100444,725
100457,724
100469,724
100482,724
100494,724
100506,725
100519,724
100532,724
100544,724
100556,725
100569,724
100582,725
100594,724
100606,725
100619,724
100631,724
100643,724
100657,724
100669,724
100681,724
100694,725
100706,724
100719,724
100731,724
100744,724
100756,724
100768,724
100782,724
100794,724
100806,725
100818,725
100831,724
100843,724
100856,725
100869,725
100881,725
100893,725
100905,725
100919,724
100931,725
100943,725
100956,725
100968,724
100981,724
100994,724
101006,724
101018,724
101030,724
101043,725
101056,725
101068,725
101081,725
101093,725
101105,725
101118,724
101131,725
101143,724
101155,725
101168,725
101181,725
101193,724
101206,724
101218,725
101230,725
101242,725
101256,725
101268,724
101280,724
101293,724
101305,725
101318,724
101330,725
101343,725
101355,724
101367,725
101381,725
101393,725
101405,725
101417,725
101430,724
101442,724
101455,725
101468,725
101480,724
101492,725
101505,725
101518,725
101530,724
101542,724
101555,724
101567,725
101580,724
101593,725
101605,725
101617,725
101629,724
101642,724
101655,725
101667,725
101680,725
101692,725
101704,725
101718,724
101730,725
101742,72