time,value,slope
13.07, 135.00, -0.13
13.07, 136.00, 0.02
13.07, 136.00, 0.02
13.08, 133.00, 0.09
13.10, 136.00, 0.02
13.12, 136.00, 0.10
13.15, 134.00, -0.14
13.17, 136.00, 0.09
13.19, 133.00, 0.08
13.21, 135.00, -0.15
13.24, 133.00, -0.00
13.26, 135.00, -0.16
13.28, 134.00, 0.06
13.30, 134.00, 0.06
13.32, 134.00, -0.10
13.35, 134.00, -0.10
13.37, 131.00, -0.04
13.39, 131.00, -0.21
13.42, 132.00, -0.30
13.44, 131.00, -0.08
13.46, 132.00, -0.09
13.48, 133.00, -0.02
13.51, 132.00, -0.10
13.53, 133.00, -0.11
13.55, 134.00, -0.03
13.58, 131.00, -0.27
13.60, 132.00, -0.21
13.62, 131.00, -0.07
13.65, 133.00, -0.23
13.67, 132.00, -0.08
13.69, 132.00, -0.32
13.71, 134.00, -0.17
13.74, 133.00, -0.18
13.76, 133.00, -0.26
13.78, 134.00, -0.27
13.81, 133.00, -4.08
13.83, 133.00, -4.08
13.85, 132.00, -4.12
13.87, 132.00, -4.14
13.90, 133.00, -4.26
13.92, 132.00, -4.44
13.94, 132.00, -4.44
13.97, 132.00, -4.62
13.99, 133.00, -4.66
14.01, 131.00, -4.72
14.03, 132.00, -4.76
14.06, 132.00, -4.79
14.08, 134.00, -4.82
14.10, 134.00, -4.84
14.13, 132.00, -4.86
14.15, 134.00, -4.81
14.17, 132.00, -4.75
14.19, 133.00, -4.59
14.22, 134.00, -4.38
14.24, 134.00, -4.24
14.26, 134.00, -4.12
14.28, 133.00, -4.11
14.31, 134.00, -3.99
14.33, 133.00, -3.94
14.35, 132.00, -3.99
14.38, 134.00, -3.76
14.40, 131.00, -3.69
14.42, 132.00, -3.62
14.45, 131.00, -3.59
14.47, 131.00, -3.58
14.49, 134.00, -3.35
14.52, 132.00, -3.35
14.54, 134.00, -3.22
14.56, 132.00, -3.13
14.58, 131.00, -3.12
14.61, 133.00, -3.00
14.63, 132.00, -2.93
14.65, 131.00, -2.85
14.67, 131.00, -2.77
14.70, 133.00, -2.65
14.72, 133.00, -2.49
14.74, 135.00, -2.25
14.77, 131.00, -2.16
14.79, 135.00, -1.95
14.81, 135.00, -1.68
14.84, 138.00, -1.33
14.86, 135.00, -1.08
14.88, 136.00, -0.88
14.90, 136.00, -0.67
14.93, 133.00, -0.49
14.95, 133.00, -0.39
14.97, 136.00, -0.11
14.99, 143.00, 0.38
15.02, 142.00, 0.79
15.04, 141.00, 1.16
15.06, 139.00, 1.46
15.08, 137.00, 1.72
15.10, 139.00, 2.02
15.13, 135.00, 2.21
15.15, 135.00, 2.43
15.17, 135.00, 2.58
15.19, 137.00, 2.91
15.21, 136.00, 3.16
15.24, 140.00, 3.59
15.26, 137.00, 3.92
15.28, 139.00, 4.21
15.30, 140.00, 4.60
15.32, 136.00, 4.77
15.34, 134.00, 4.95
15.37, 136.00, 5.22
15.39, 135.00, 5.39
15.41, 135.00, 5.59
15.43, 133.00, 5.76
15.45, 135.00, 5.99
15.48, 135.00, 6.16
15.50, 135.00, 6.31
15.52, 139.00, 6.53
15.54, 136.00, 6.79
15.56, 134.00, 6.82
15.59, 135.00, 6.87
15.61, 134.00, 6.78
15.63, 136.00, 6.85
15.65, 135.00, 6.85
15.67, 137.00, 6.92
15.69, 137.00, 7.09
15.72, 137.00, 7.26
15.74, 140.00, 7.43
15.76, 131.00, 6.97
15.78, 134.00, 6.65
15.80, 134.00, 6.36
15.82, 136.00, 6.20
15.85, 135.00, 6.07
15.87, 135.00, 5.88
15.89, 133.00, 5.73
15.91, 134.00, 5.62
15.93, 132.00, 5.43
15.95, 138.00, 5.39
15.98, 135.00, 5.24
16.00, 132.00, 4.85
16.02, 134.00, 4.62
16.04, 135.00, 4.34
16.07, 133.00, 3.95
16.09, 132.00, 3.66
16.11, 133.00, 3.47
16.13, 136.00, 3.32
16.15, 133.00, 3.09
16.17, 131.00, 2.77
16.20, 131.00, 2.53
16.22, 133.00, 2.28
16.24, 133.00, 2.03
16.26, 136.00, 1.88
16.28, 133.00, 1.47
16.31, 133.00, 1.16
16.33, 131.00, 0.85
16.35, 133.00, 0.58
16.37, 136.00, 0.46
16.39, 136.00, 0.26
16.41, 133.00, -0.01
16.44, 131.00, -0.43
16.46, 132.00, -0.82
16.48, 131.00, -1.25
16.51, 139.00, -1.50
16.53, 134.00, -1.58
16.55, 134.00, -1.77
16.58, 131.00, -2.06
16.60, 132.00, -2.38
16.62, 132.00, -2.66
16.64, 132.00, -2.93
16.67, 132.00, -3.12
16.69, 131.00, -3.39
16.71, 132.00, -3.54
16.74, 134.00, -3.82
16.76, 134.00, -4.01
16.78, 131.00, -4.17
16.80, 133.00, -4.33
16.83, 132.00, -4.56
16.85, 132.00, -4.70
16.87, 134.00, -4.72
16.90, 135.00, -4.74
16.92, 133.00, -4.94
16.94, 132.00, -5.05
16.96, 134.00, -5.01
16.99, 133.00, -5.00
17.01, 133.00, -5.06
17.03, 132.00, -5.14
17.06, 134.00, -5.26
17.08, 131.00, -5.36
17.10, 132.00, -5.43
17.12, 134.00, -5.33
17.15, 132.00, -5.39
17.17, 131.00, -5.56
17.19, 133.00, -5.68
17.22, 131.00, -5.73
17.24, 133.00, -5.65
17.26, 131.00, -5.66
17.28, 131.00, -5.63
17.31, 130.00, -5.91
17.33, 129.00, -6.04
17.35, 132.00, -6.07
17.38, 130.00, -6.05
17.40, 132.00, -5.99
17.42, 132.00, -5.91
17.44, 130.00, -5.91
17.47, 131.00, -5.85
17.49, 130.00, -5.79
17.51, 131.00, -5.73
17.54, 131.00, -5.73
17.56, 132.00, -5.69
17.58, 131.00, -5.57
17.60, 132.00, -5.49
17.63, 132.00, -5.36
17.65, 131.00, -5.26
17.67, 132.00, -5.20
17.70, 133.00, -5.15
17.72, 135.00, -4.93
17.74, 133.00, -4.76
17.76, 131.00, -4.72
17.79, 131.00, -4.65
17.81, 132.00, -4.54
17.83, 132.00, -4.40
17.86, 133.00, -4.28
17.88, 133.00, -4.06
17.90, 133.00, -3.87
17.92, 134.00, -3.72
17.95, 134.00, -3.49
17.97, 133.00, -3.26
17.99, 132.00, -3.14
18.02, 130.00, -3.01
18.04, 132.00, -2.89
18.06, 132.00, -2.69
18.08, 131.00, -2.53
18.11, 132.00, -2.28
18.13, 131.00, -2.04
18.15, 132.00, -1.87
18.18, 132.00, -1.62
18.20, 130.00, -1.52
18.22, 132.00, -1.35
18.25, 132.00, -1.12
18.27, 131.00, -0.95
18.29, 132.00, -0.71
18.31, 132.00, -0.51
18.34, 129.00, -0.42
18.36, 129.00, -0.36
18.38, 130.00, -0.24
18.41, 130.00, -0.16
18.43, 132.00, -0.00
18.45, 131.00, 0.15
18.47, 132.00, 0.30
18.50, 132.00, 0.41
18.52, 131.00, 0.41
18.54, 129.00, 0.40
18.56, 132.00, 0.57
18.58, 131.00, 0.71
18.60, 132.00, 0.84
18.63, 131.00, 0.93
18.65, 132.00, 1.02
18.67, 130.00, 1.03
18.69, 131.00, 1.07
18.71, 132.00, 1.11
18.74, 131.00, 1.10
18.76, 132.00, 1.16
18.78, 130.00, 1.18
18.80, 130.00, 1.27
18.82, 131.00, 1.32
18.84, 130.00, 1.33
18.87, 130.00, 1.37
18.89, 131.00, 1.40
18.91, 131.00, 1.46
18.93, 131.00, 1.48
18.95, 129.00, 1.42
18.98, 132.00, 1.54
19.00, 130.00, 1.51
19.02, 129.00, 1.44
19.04, 129.00, 1.39
19.06, 131.00, 1.38
19.08, 129.00, 1.28
19.11, 129.00, 1.30
19.13, 129.00, 1.31
19.15, 131.00, 1.36
19.17, 130.00, 1.36
19.19, 131.00, 1.33
19.22, 130.00, 1.29
19.24, 129.00, 1.17
19.26, 131.00, 1.12
19.28, 130.00, 1.07
19.30, 132.00, 1.17
19.32, 131.00, 1.12
19.35, 130.00, 1.06
19.37, 131.00, 0.99
19.39, 130.00, 0.93
19.41, 131.00, 0.86
19.43, 131.00, 0.87
19.46, 132.00, 0.87
19.48, 130.00, 0.77
19.50, 131.00, 0.73
19.52, 130.00, 0.62
19.54, 130.00, 0.59
19.57, 129.00, 0.51
19.59, 132.00, 0.51
19.61, 132.00, 0.55
19.63, 132.00, 0.58
19.65, 132.00, 0.58
19.67, 131.00, 0.54
19.70, 131.00, 0.49
19.72, 132.00, 0.57
19.74, 132.00, 0.52
19.76, 131.00, 0.51
19.78, 130.00, 0.51
19.81, 130.00, 0.51
19.83, 130.00, 0.43
19.85, 132.00, 0.50
19.87, 130.00, 0.51
19.89, 130.00, 0.50
19.91, 132.00, 0.50
19.94, 132.00, 0.54
19.96, 133.00, 0.58
19.98, 133.00, 0.65
20.00, 131.00, 0.69
20.02, 134.00, 0.77
20.05, 132.00, 0.82
20.07, 134.00, 0.86
20.09, 132.00, 0.86
20.11, 132.00, 0.91
20.13, 133.00, 0.96
20.16, 132.00, 1.00
20.18, 131.00, 0.98
20.20, 134.00, 1.07
20.22, 132.00, 1.04
20.24, 132.00, 1.09
20.26, 132.00, 1.11
20.29, 132.00, 1.17
20.31, 132.00, 1.23
20.33, 132.00, 1.32
20.35, 132.00, 1.31
20.37, 132.00, 1.29
20.40, 129.00, 1.16
20.42, 131.00, 1.11
20.44, 131.00, 1.09
20.46, 131.00, 1.08
20.48, 129.00, 0.95
20.50, 132.00, 0.94
20.53, 132.00, 0.96
20.55, 131.00, 0.98
20.57, 131.00, 1.00
20.59, 132.00, 1.07
20.61, 132.00, 1.05
20.64, 129.00, 1.00
20.66, 131.00, 1.03
20.68, 130.00, 0.94
20.70, 131.00, 0.88
20.72, 132.00, 0.83
20.74, 129.00, 0.66
20.77, 129.00, 0.57
20.79, 129.00, 0.36
20.81, 133.00, 0.37
20.83, 129.00, 0.16
20.85, 129.00, 0.02
20.88, 129.00, -0.12
20.90, 132.00, -0.18
20.92, 131.00, -0.25
20.94, 132.00, -0.24
20.97, 129.00, -0.45
20.99, 132.00, -0.48
21.01, 130.00, -0.59
21.04, 131.00, -0.65
21.06, 131.00, -0.72
21.08, 132.00, -0.75
21.10, 131.00, -0.83
21.13, 131.00, -0.90
21.15, 131.00, -0.97
21.17, 129.00, -1.00
21.19, 130.00, -1.07
21.22, 129.00, -1.17
21.24, 132.00, -1.17
21.26, 131.00, -1.12
21.29, 129.00, -1.25
21.31, 131.00, -1.31
21.33, 131.00, -1.34
21.36, 132.00, -1.33
21.38, 131.00, -1.39
21.40, 130.00, -1.49
21.42, 132.00, -1.41
21.45, 131.00, -1.44
21.47, 130.00, -1.46
21.49, 132.00, -1.45
21.52, 132.00, -1.47
21.54, 130.00, -1.45
21.56, 130.00, -1.42
21.58, 132.00, -1.33
21.61, 129.00, -1.48
21.63, 132.00, -1.37
21.65, 129.00, -1.37
21.68, 131.00, -1.29
21.70, 132.00, -1.29
21.72, 130.00, -1.32
21.74, 131.00, -1.35
21.77, 131.00, -1.26
21.79, 131.00, -1.29
21.81, 131.00, -1.23
21.84, 132.00, -1.18
21.86, 132.00, -1.13
21.88, 131.00, -1.14
21.91, 132.00, -1.08
21.93, 131.00, -1.06
21.95, 131.00, -1.03
21.97, 132.00, -0.90
22.00, 132.00, -0.79
22.02, 131.00, -0.69
22.04, 131.00, -0.69
22.07, 130.00, -0.70
22.09, 132.00, -0.56
22.11, 131.00, -0.52
22.13, 131.00, -0.48
22.16, 131.00, -0.48
22.18, 131.00, -0.44
22.20, 132.00, -0.33
22.23, 131.00, -0.32
22.25, 132.00, -0.25
22.27, 132.00, -0.14
22.29, 131.00, -0.13
22.32, 131.00, -0.12
22.34, 132.00, -0.01
22.36, 130.00, 0.03
22.38, 131.00, 0.03
22.41, 131.00, 0.14
22.43, 131.00, 0.15
22.45, 132.00, 0.30
22.47, 132.00, 0.37
22.49, 132.00, 0.41
22.51, 131.00, 0.48
22.54, 132.00, 0.56
22.56, 132.00, 0.63
22.58, 132.00, 0.70
22.60, 132.00, 0.78
22.63, 132.00, 0.81
22.65, 132.00, 0.85
22.67, 131.00, 0.88
22.69, 130.00, 0.84
22.71, 130.00, 0.84
22.73, 131.00, 0.87
22.76, 132.00, 0.89
22.78, 131.00, 0.88
22.80, 132.00, 0.94
22.82, 131.00, 0.96
22.84, 129.00, 0.95
22.86, 129.00, 0.86
22.89, 132.00, 0.91
22.91, 132.00, 0.96
22.93, 131.00, 0.98
22.95, 129.00, 0.92
22.97, 130.00, 0.85
23.00, 131.00, 0.86
23.02, 129.00, 0.76
23.04, 129.00, 0.65
23.06, 129.00, 0.59
23.08, 132.00, 0.63
23.10, 131.00, 0.59
23.13, 129.00, 0.55
23.15, 131.00, 0.55
23.17, 132.00, 0.58
23.19, 129.00, 0.51
23.22, 130.00, 0.42
23.24, 132.00, 0.41
23.26, 131.00, 0.36
23.28, 131.00, 0.35
23.30, 129.00, 0.22
23.32, 130.00, 0.13
23.34, 129.00, -0.01
23.37, 130.00, -0.10
23.39, 131.00, -0.17
23.41, 130.00, -0.26
23.44, 131.00, -0.29
23.46, 131.00, -0.28
23.48, 131.00, -0.26
23.50, 129.00, -0.36
23.53, 132.00, -0.39
23.55, 129.00, -0.49
23.57, 132.00, -0.51
23.60, 129.00, -0.61
23.62, 130.00, -0.60
23.64, 132.00, -0.52
23.67, 131.00, -0.58
23.69, 130.00, -0.68
23.71, 132.00, -0.67
23.73, 130.00, -0.66
23.76, 132.00, -0.61
23.78, 131.00, -0.63
23.80, 130.00, -0.62
23.83, 131.00, -0.56
23.85, 130.00, -0.54
23.87, 131.00, -0.59
23.90, 132.00, -0.57
23.92, 131.00, -0.51
23.94, 130.00, -0.56
23.96, 129.00, -0.69
23.99, 131.00, -0.63
24.01, 131.00, -0.60
24.03, 131.00, -0.65
24.05, 132.00, -0.62
24.08, 132.00, -0.60
24.10, 130.00, -0.57
24.12, 132.00, -0.50
24.15, 131.00, -0.42
24.17, 131.00, -0.39
24.19, 131.00, -0.38
24.22, 132.00, -0.30
24.24, 131.00, -0.29
24.26, 131.00, -0.29
24.28, 131.00, -0.28
24.31, 131.00, -0.20
24.33, 131.00, -0.22
24.35, 130.00, -0.17
24.38, 132.00, -0.16
24.40, 131.00, -0.07
24.42, 132.00, 0.02
24.44, 132.00, 0.03
24.46, 130.00, 0.01
24.49, 132.00, 0.10
24.51, 130.00, 0.05
24.53, 130.00, 0.07
24.55, 131.00, 0.05
24.57, 132.00, 0.10
24.59, 132.00, 0.19
24.62, 131.00, 0.21
24.64, 131.00, 0.26
24.66, 132.00, 0.31
24.68, 132.00, 0.33
24.70, 132.00, 0.38
24.73, 132.00, 0.47
24.75, 132.00, 0.60
24.77, 132.00, 0.66
24.79, 132.00, 0.71
24.81, 132.00, 0.77
24.84, 129.00, 0.68
24.86, 130.00, 0.62
24.88, 129.00, 0.60
24.90, 132.00, 0.62
24.92, 131.00, 0.63
24.94, 131.00, 0.64
24.97, 130.00, 0.62
24.99, 131.00, 0.59
25.01, 131.00, 0.60
25.03, 130.00, 0.57
25.05, 130.00, 0.55
25.08, 130.00, 0.52
25.10, 130.00, 0.48
25.12, 132.00, 0.57
25.14, 132.00, 0.57
25.16, 132.00, 0.61
25.18, 132.00, 0.61
25.21, 131.00, 0.57
25.23, 133.00, 0.68
25.25, 131.00, 0.64
25.27, 131.00, 0.68
25.29, 132.00, 0.75
25.32, 132.00, 0.79
25.34, 130.00, 0.71
25.36, 131.00, 0.67
25.38, 132.00, 0.70
25.40, 130.00, 0.65
25.42, 131.00, 0.61
25.45, 129.00, 0.49
25.47, 131.00, 0.44
25.49, 130.00, 0.35
25.51, 132.00, 0.33
25.53, 132.00, 0.31
25.56, 132.00, 0.29
25.58, 132.00, 0.27
25.60, 129.00, 0.25
25.62, 132.00, 0.31
25.64, 131.00, 0.36
25.67, 131.00, 0.31
25.69, 129.00, 0.21
25.71, 130.00, 0.16
25.73, 132.00, 0.22
25.75, 131.00, 0.20
25.77, 129.00, 0.11
25.80, 130.00, 0.09
25.82, 131.00, 0.11
25.84, 131.00, 0.13
25.86, 132.00, 0.19
25.88, 131.00, 0.14
25.91, 130.00, 0.05
25.93, 129.00, -0.08
25.95, 131.00, -0.13
25.97, 131.00, -0.15
26.00, 132.00, -0.21
26.02, 131.00, -0.23
26.04, 131.00, -0.24
26.06, 130.00, -0.34
26.09, 132.00, -0.36
26.11, 132.00, -0.31
26.13, 132.00, -0.29
26.16, 132.00, -0.31
26.18, 131.00, -0.29
26.20, 132.00, -0.27
26.23, 132.00, -0.17
26.25, 131.00, -0.18
26.27, 132.00, -0.12
26.29, 132.00, -0.13
26.32, 132.00, -0.14
26.34, 132.00, -0.15
26.36, 130.00, -0.23
26.39, 131.00, -0.16
26.41, 132.00, -0.17
26.43, 132.00, -0.14
26.45, 132.00, -0.11
26.48, 131.00, -0.05
26.50, 131.00, -0.02
26.52, 132.00, -0.02
26.55, 132.00, 0.01
26.57, 131.00, 0.08
26.59, 131.00, 0.11
26.61, 132.00, 0.15
26.63, 132.00, 0.18
26.65, 132.00, 0.17
26.68, 130.00, 0.13
26.70, 131.00, 0.17
26.72, 132.00, 0.28
26.74, 132.00, 0.32
26.76, 132.00, 0.36
26.78, 132.00, 0.36
26.81, 131.00, 0.37
26.83, 132.00, 0.41
26.85, 131.00, 0.46
26.87, 131.00, 0.44
26.90, 132.00, 0.44
26.92, 132.00, 0.45
26.94, 131.00, 0.43
26.96, 130.00, 0.40
26.98, 132.00, 0.41
27.00, 132.00, 0.41
27.03, 131.00, 0.42
27.05, 131.00, 0.39
27.07, 133.00, 0.43
27.09, 131.00, 0.39
27.11, 132.00, 0.40
27.13, 131.00, 0.44
27.16, 132.00, 0.48
27.18, 132.00, 0.49
27.20, 131.00, 0.46
27.22, 131.00, 0.42
27.24, 131.00, 0.43
27.27, 132.00, 0.47
27.29, 130.00, 0.39
27.31, 131.00, 0.35
27.33, 132.00, 0.39
27.35, 130.00, 0.35
27.38, 129.00, 0.23
27.40, 130.00, 0.15
27.42, 132.00, 0.15
27.44, 131.00, 0.18
27.46, 131.00, 0.18
27.49, 131.00, 0.13
27.51, 131.00, 0.08
27.53, 129.00, -0.04
27.55, 131.00, -0.09
27.57, 132.00, -0.06
27.60, 132.00, -0.07
27.62, 132.00, -0.05
27.64, 131.00, -0.06
27.67, 132.00, -0.07
27.69, 132.00, -0.09
27.71, 131.00, -0.10
27.73, 132.00, -0.04
27.76, 132.00, -0.05
27.78, 130.00, -0.13
27.80, 132.00, -0.11
27.83, 132.00, -0.08
27.85, 132.00, -0.13
27.87, 129.00, -0.22
27.89, 130.00, -0.30
27.92, 132.00, -0.28
27.94, 130.00, -0.36
27.96, 129.00, -0.48
27.99, 130.00, -0.53
28.01, 132.00, -0.51
28.03, 130.00, -0.56
28.05, 131.00, -0.60
28.08, 129.00, -0.65
28.10, 131.00, -0.66
28.12, 131.00, -0.70
28.15, 132.00, -0.64
28.17, 132.00, -0.54
28.19, 130.00, -0.54
28.22, 132.00, -0.55
28.24, 132.00, -0.52
28.26, 130.00, -0.55
28.28, 131.00, -0.56
28.31, 130.00, -0.59
28.33, 132.00, -0.49
28.35, 130.00, -0.52
28.38, 131.00, -0.55
28.40, 132.00, -0.55
28.42, 131.00, -0.59
28.44, 129.00, -0.66
28.47, 131.00, -0.69
28.49, 131.00, -0.72
28.51, 132.00, -0.68
28.53, 131.00, -0.72
28.56, 132.00, -0.72
28.58, 129.00, -0.75
28.60, 131.00, -0.78
28.63, 131.00, -0.82
28.65, 132.00, -0.81
28.67, 132.00, -0.70
28.69, 129.00, -0.73
28.72, 132.00, -0.72
28.74, 132.00, -0.64
28.76, 131.00, -0.55
28.79, 131.00, -0.50
28.81, 131.00, -0.52
28.83, 131.00, -0.47
28.85, 131.00, -0.45
28.88, 131.00, -0.36
28.90, 132.00, -0.31
28.92, 131.00, -0.29
28.95, 131.00, -0.31
28.97, 130.00, -0.36
28.99, 129.00, -0.38
29.02, 132.00, -0.37
29.04, 130.00, -0.43
29.06, 129.00, -0.45
29.08, 132.00, -0.39
29.11, 131.00, -0.34
29.13, 131.00, -0.36
29.15, 131.00, -0.31
29.17, 130.00, -0.33
29.20, 132.00, -0.32
29.22, 130.00, -0.34
29.24, 130.00, -0.28
29.27, 130.00, -0.30
29.29, 132.00, -0.24
29.31, 130.00, -0.29
29.33, 130.00, -0.31
29.36, 132.00, -0.29
29.38, 131.00, -0.19
29.41, 132.00, -0.14
29.43, 129.00, -0.18
29.45, 129.00, -0.27
29.47, 131.00, -0.28
29.50, 132.00, -0.16
29.52, 131.00, -0.17
29.54, 132.00, -0.15
29.56, 129.00, -0.21
29.59, 130.00, -0.23
29.61, 129.00, -0.29
29.63, 130.00, -0.31
29.66, 130.00, -0.33
29.68, 130.00, -0.36
29.70, 129.00, -0.45
29.72, 130.00, -0.48
29.75, 131.00, -0.47
29.77, 131.00, -0.43
29.79, 131.00, -0.35
29.82, 129.00, -0.44
29.84, 130.00, -0.43
29.86, 129.00, -0.42
29.89, 129.00, -0.51
29.91, 131.00, -0.50
29.93, 130.00, -0.53
29.95, 130.00, -0.55
29.98, 131.00, -0.51
30.00, 132.00, -0.50
30.02, 129.00, -0.53
30.05, 132.00, -0.45
30.07, 132.00, -0.37
30.09, 130.00, -0.43
30.11, 132.00, -0.35
30.14, 130.00, -0.34
30.16, 129.00, -0.44
30.18, 131.00, -0.44
30.20, 130.00, -0.50
30.23, 130.00, -0.46
30.25, 129.00, -0.46
30.27, 132.00, -0.41
30.30, 131.00, -0.44
30.32, 130.00, -0.47
30.34, 131.00, -0.51
30.36, 130.00, -0.46
30.39, 130.00, -0.46
30.41, 131.00, -0.38
30.43, 132.00, -0.30
30.46, 132.00, -0.22
30.48, 130.00, -0.21
30.50, 130.00, -0.16
30.52, 129.00, -0.18
30.55, 130.00, -0.20
30.57, 130.00, -0.23
30.59, 131.00, -0.22
30.62, 132.00, -0.10
30.64, 131.00, -0.05
30.66, 130.00, 0.00
30.68, 129.00, 0.01
30.71, 131.00, 0.03
30.73, 131.00, 0.08
30.75, 130.00, 0.10
30.77, 131.00, 0.11
30.79, 130.00, 0.05
30.82, 131.00, 0.14
30.84, 130.00, 0.08
30.86, 131.00, 0.06
30.88, 131.00, 0.11
30.90, 130.00, 0.04
30.92, 131.00, 0.09
30.95, 130.00, 0.14
30.97, 130.00, 0.12
30.99, 129.00, 0.09
31.01, 131.00, 0.14
31.03, 131.00, 0.23
31.06, 131.00, 0.21
31.08, 131.00, 0.22
31.10, 131.00, 0.27
31.12, 130.00, 0.25
31.14, 129.00, 0.23
31.17, 129.00, 0.20
31.19, 132.00, 0.25
31.21, 132.00, 0.26
31.23, 132.00, 0.27
31.25, 132.00, 0.35
31.27, 130.00, 0.35
31.30, 129.00, 0.36
31.32, 131.00, 0.40
31.34, 129.00, 0.37
31.36, 130.00, 0.34
31.38, 131.00, 0.31
31.41, 129.00, 0.23
31.43, 132.00, 0.31
31.45, 132.00, 0.42
31.47, 131.00, 0.42
31.49, 131.00, 0.42
31.51, 131.00, 0.45
31.54, 132.00, 0.49
31.56, 132.00, 0.56
31.58, 130.00, 0.52
31.60, 131.00, 0.55
31.62, 129.00, 0.48
31.65, 132.00, 0.51
31.67, 129.00, 0.47
31.69, 132.00, 0.51
31.71, 131.00, 0.54
31.73, 132.00, 0.61
31.75, 132.00, 0.72
31.78, 132.00, 0.76
31.80, 131.00, 0.75
31.82, 131.00, 0.74
31.84, 130.00, 0.70
31.86, 130.00, 0.65
31.89, 129.00, 0.61
31.91, 131.00, 0.68
31.93, 131.00, 0.75
31.95, 132.00, 0.74
31.97, 132.00, 0.73
31.99, 132.00, 0.72
32.02, 131.00, 0.67
32.04, 130.00, 0.67
32.06, 129.00, 0.66
32.08, 132.00, 0.68
32.10, 132.00, 0.78
32.13, 132.00, 0.85
32.15, 132.00, 0.88
32.17, 129.00, 0.87
32.19, 131.00, 0.82
32.21, 131.00, 0.77
32.24, 129.00, 0.69
32.26, 132.00, 0.71
32.28, 132.00, 0.74
32.30, 132.00, 0.72
32.32, 132.00, 0.71
32.35, 130.00, 0.69
32.37, 131.00, 0.68
32.39, 131.00, 0.74
32.41, 132.00, 0.72
32.43, 131.00, 0.78
32.45, 131.00, 0.73
32.48, 132.00, 0.75
32.50, 131.00, 0.70
32.52, 130.00, 0.60
32.54, 129.00, 0.47
32.56, 131.00, 0.45
32.58, 129.00, 0.35
32.61, 132.00, 0.41
32.63, 132.00, 0.46
32.65, 130.00, 0.48
32.67, 131.00, 0.46
32.69, 132.00, 0.48
32.72, 132.00, 0.46
32.74, 132.00, 0.44
32.76, 132.00, 0.42
32.78, 131.00, 0.40
32.80, 129.00, 0.34
32.83, 131.00, 0.40
32.85, 130.00, 0.30
32.87, 131.00, 0.24
32.89, 131.00, 0.18
32.91, 132.00, 0.16
32.93, 130.00, 0.17
32.96, 132.00, 0.18
32.98, 131.00, 0.16
33.00, 131.00, 0.22
33.02, 131.00, 0.16
33.04, 132.00, 0.14
33.06, 130.00, 0.04
33.09, 132.00, 0.02
33.11, 130.00, 0.00
33.13, 130.00, -0.05
33.15, 132.00, -0.04
33.18, 129.00, -0.17
33.20, 129.00, -0.27
33.22, 130.00, -0.32
33.24, 132.00, -0.35
33.27, 130.00, -0.40
33.29, 129.00, -0.45
33.31, 131.00, -0.39
33.34, 132.00, -0.37
33.36, 130.00, -0.34
33.38, 129.00, -0.46
33.40, 132.00, -0.48
33.43, 131.00, -0.45
33.45, 132.00, -0.43
33.47, 131.00, -0.48
33.50, 132.00, -0.49
33.52, 132.00, -0.50
33.54, 131.00, -0.55
33.56, 130.00, -0.60
33.59, 129.00, -0.60
33.61, 130.00, -0.65
33.63, 130.00, -0.66
33.66, 132.00, -0.63
33.68, 129.00, -0.70
33.70, 130.00, -0.78
33.72, 131.00, -0.75
33.75, 130.00, -0.82
33.77, 129.00, -0.90
33.79, 131.00, -0.90
33.82, 131.00, -0.91
33.84, 131.00, -0.94
33.86, 130.00, -0.94
33.89, 132.00, -0.94
33.91, 131.00, -0.91
33.93, 132.00, -0.83
33.95, 132.00, -0.83
33.98, 130.00, -0.79
34.00, 131.00, -0.71
34.02, 129.00, -0.74
34.04, 130.00, -0.80
34.07, 130.00, -0.79
34.09, 130.00, -0.74
34.11, 131.00, -0.73
34.14, 132.00, -0.72
34.16, 130.00, -0.71
34.18, 130.00, -0.66
34.21, 130.00, -0.72
34.23, 130.00, -0.75
34.25, 130.00, -0.81
34.28, 129.00, -0.86
34.30, 132.00, -0.85
34.32, 129.00, -0.94
34.34, 129.00, -1.00
34.37, 131.00, -0.95
34.39, 130.00, -0.89
34.41, 131.00, -0.84
34.44, 131.00, -0.79
34.46, 132.00, -0.77
34.48, 130.00, -0.71
34.50, 132.00, -0.62
34.53, 129.00, -0.67
34.55, 129.00, -0.68
34.57, 129.00, -0.66
34.60, 131.00, -0.63
34.62, 130.00, -0.64
34.64, 131.00, -0.61
34.66, 130.00, -0.59
34.69, 131.00, -0.60
34.71, 129.00, -0.64
34.73, 131.00, -0.65
34.76, 129.00, -0.74
34.78, 132.00, -0.64
34.80, 130.00, -0.66
34.82, 131.00, -0.56
34.85, 132.00, -0.47
34.87, 131.00, -0.41
34.89, 131.00, -0.36
34.92, 132.00, -0.30
34.94, 130.00, -0.35
34.96, 132.00, -0.26
34.98, 130.00, -0.24
35.01, 132.00, -0.15
35.03, 130.00, -0.13
35.05, 129.00, -0.14
35.08, 131.00, -0.04
35.10, 129.00, -0.12
35.12, 129.00, -0.10
35.14, 131.00, 0.00
35.17, 130.00, -0.01
35.19, 129.00, -0.02
35.21, 130.00, -0.03
35.23, 132.00, 0.03
35.26, 129.00, -0.06
35.28, 130.00, -0.04
35.30, 132.00, -0.02
35.32, 130.00, 0.04
35.35, 131.00, 0.13
35.37, 131.00, 0.22
35.39, 132.00, 0.27
35.41, 130.00, 0.29
35.43, 131.00, 0.31
35.46, 130.00, 0.33
35.48, 130.00, 0.31
35.50, 130.00, 0.36
35.52, 131.00, 0.38
35.54, 131.00, 0.48
35.56, 130.00, 0.43
35.59, 131.00, 0.48
35.61, 129.00, 0.43
35.63, 130.00, 0.37
35.65, 129.00, 0.31
35.67, 129.00, 0.24
35.70, 132.00, 0.25
35.72, 131.00, 0.30
35.74, 130.00, 0.24
35.76, 130.00, 0.24
35.78, 129.00, 0.14
35.81, 130.00, 0.14
35.83, 129.00, 0.14
35.85, 129.00, 0.07
35.87, 129.00, 0.08
35.89, 129.00, 0.08
35.91, 129.00, 0.01
35.94, 129.00, -0.03
35.96, 130.00, 0.01
35.98, 129.00, -0.03
36.00, 132.00, -0.03
36.03, 129.00, -0.03
36.05, 129.00, -0.07
36.07, 131.00, -0.10
36.10, 132.00, -0.03
36.12, 131.00, -0.03
36.14, 131.00, -0.04
36.16, 132.00, -0.05
36.19, 130.00, -0.06
36.21, 130.00, -0.10
36.23, 129.00, -0.15
36.26, 131.00, -0.12
36.28, 129.00, -0.17
36.30, 130.00, -0.21
36.32, 131.00, -0.23
36.35, 132.00, -0.17
36.37, 130.00, -0.22
36.39, 130.00, -0.19
36.42, 129.00, -0.24
36.44, 132.00, -0.14
36.46, 129.00, -0.15
36.49, 132.00, -0.15
36.51, 131.00, -0.16
36.53, 132.00, -0.09
36.55, 130.00, -0.10
36.58, 129.00, -0.10
36.60, 132.00, -0.04
36.62, 131.00, 0.03
36.64, 131.00, 0.10
36.67, 132.00, 0.21
36.69, 132.00, 0.31
36.71, 130.00, 0.35
36.73, 130.00, 0.39
36.75, 129.00, 0.35
36.77, 129.00, 0.35
36.80, 130.00, 0.28
36.82, 132.00, 0.39
36.84, 131.00, 0.46
36.86, 130.00, 0.43
36.88, 132.00, 0.43
36.90, 131.00, 0.43
36.93, 130.00, 0.40
36.95, 131.00, 0.36
36.97, 130.00, 0.37
36.99, 129.00, 0.33
37.01, 131.00, 0.41
37.04, 129.00, 0.34
37.06, 129.00, 0.35
37.08, 130.00, 0.35
37.10, 131.00, 0.36
37.13, 129.00, 0.26
37.15, 130.00, 0.26
37.17, 131.00, 0.31
37.19, 129.00, 0.31
37.21, 130.00, 0.24
37.23, 130.00, 0.28
37.26, 129.00, 0.18
37.28, 131.00, 0.18
37.30, 132.00, 0.19
37.32, 130.00, 0.19
37.34, 129.00, 0.19
37.36, 132.00, 0.19
37.39, 130.00, 0.16
37.41, 131.00, 0.15
37.43, 130.00, 0.07
37.45, 131.00, 0.03
37.47, 131.00, 0.05
37.49, 130.00, 0.04
37.52, 132.00, 0.14
37.54, 129.00, 0.13
37.56, 130.00, 0.12
37.58, 131.00, 0.08
37.60, 131.00, 0.06
37.63, 131.00, 0.09
37.65, 132.00, 0.07
37.67, 131.00, 0.06
37.69, 132.00, 0.12
37.71, 132.00, 0.15
37.74, 130.00, 0.14
37.76, 129.00, 0.13
37.78, 132.00, 0.16
37.80, 129.00, 0.15
37.82, 130.00, 0.17
37.84, 132.00, 0.24
37.87, 131.00, 0.23
37.89, 131.00, 0.29
37.91, 130.00, 0.29
37.93, 129.00, 0.20
37.95, 131.00, 0.27
37.98, 130.00, 0.26
38.00, 131.00, 0.29
38.02, 132.00, 0.40
38.04, 131.00, 0.39
38.06, 130.00, 0.31
38.08, 132.00, 0.38
38.11, 132.00, 0.49
38.13, 129.00, 0.37
38.15, 129.00, 0.33
38.17, 129.00, 0.25
38.19, 131.00, 0.28
38.22, 131.00, 0.28
38.24, 131.00, 0.28
38.26, 130.00, 0.28
38.28, 132.00, 0.28
38.30, 130.00, 0.31
38.33, 129.00, 0.27
38.35, 131.00, 0.27
38.37, 131.00, 0.27
38.39, 130.00, 0.23
38.41, 131.00, 0.19
38.43, 131.00, 0.19
38.46, 130.00, 0.11
38.48, 132.00, 0.10
38.50, 131.00, 0.14
38.52, 131.00, 0.21
38.54, 129.00, 0.09
38.56, 129.00, 0.09
38.59, 132.00, 0.16
38.61, 129.00, 0.04
38.63, 131.00, 0.03
38.65, 129.00, -0.05
38.68, 132.00, 0.01
38.70, 130.00, 0.05
38.72, 132.00, 0.08
38.74, 130.00, 0.07
38.76, 129.00, -0.02
38.79, 130.00, -0.10
38.81, 132.00, -0.07
38.83, 131.00, -0.05
38.85, 130.00, -0.13
38.88, 129.00, -0.26
38.90, 130.00, -0.23
38.92, 129.00, -0.24
38.95, 131.00, -0.17
38.97, 131.00, -0.18
38.99, 129.00, -0.26
39.01, 129.00, -0.34
39.04, 129.00, -0.39
39.06, 132.00, -0.39
39.08, 130.00, -0.40
39.11, 129.00, -0.41
39.13, 131.00, -0.41
39.15, 132.00, -0.39
39.17, 130.00, -0.39
39.20, 130.00, -0.43
39.22, 129.00, -0.51
39.24, 131.00, -0.48
39.27, 129.00, -0.59
39.29, 130.00, -0.63
39.31, 132.00, -0.60
39.33, 129.00, -0.60
39.36, 130.00, -0.56
39.38, 130.00, -0.64
39.40, 129.00, -0.64
39.43, 130.00, -0.67
39.45, 129.00, -0.67
39.47, 132.00, -0.67
39.49, 129.00, -0.71
39.52, 131.00, -0.74
39.54, 129.00, -0.78
39.56, 131.00, -0.71
39.59, 131.00, -0.67
39.61, 131.00, -0.70
39.63, 129.00, -0.77
39.66, 132.00, -0.70
39.68, 131.00, -0.62
39.70, 130.00, -0.61
39.72, 130.00, -0.57
39.75, 129.00, -0.64
39.77, 131.00, -0.63
39.79, 131.00, -0.55
39.82, 131.00, -0.47
39.84, 129.00, -0.46
39.86, 129.00, -0.56
39.88, 130.00, -0.55
39.91, 130.00, -0.50
39.93, 131.00, -0.49
39.95, 130.00, -0.55
39.97, 131.00, -0.50
40.00, 132.00, -0.42
40.02, 129.00, -0.41
40.04, 129.00, -0.46
40.07, 132.00, -0.34
40.09, 131.00, -0.29
40.11, 130.00, -0.34
40.14, 130.00, -0.29
40.16, 131.00, -0.24
40.18, 130.00, -0.22
40.21, 132.00, -0.09
40.23, 132.00, -0.00
40.25, 129.00, 0.02
40.27, 129.00, -0.07
40.29, 130.00, -0.02
40.32, 130.00, -0.03
40.34, 132.00, 0.10
40.36, 132.00, 0.15
40.38, 132.00, 0.21
40.41, 132.00, 0.27
40.43, 132.00, 0.40
40.45, 131.00, 0.38
40.47, 131.00, 0.40
40.49, 131.00, 0.45
40.51, 130.00, 0.47
40.54, 129.00, 0.49
40.56, 131.00, 0.51
40.58, 131.00, 0.53
40.60, 131.00, 0.54
40.63, 131.00, 0.63
40.65, 130.00, 0.68
40.67, 132.00, 0.77
40.69, 131.00, 0.82
40.71, 129.00, 0.76
40.73, 132.00, 0.86
40.76, 129.00, 0.80
40.78, 130.00, 0.74
40.80, 129.00, 0.75
40.82, 131.00, 0.84
40.84, 129.00, 0.74
40.87, 130.00, 0.71
40.89, 131.00, 0.76
40.91, 129.00, 0.73
40.93, 131.00, 0.74
40.95, 131.00, 0.79
40.97, 131.00, 0.75
41.00, 131.00, 0.72
41.02, 132.00, 0.83
41.04, 129.00, 0.83
41.06, 130.00, 0.83
41.08, 132.00, 0.91
41.10, 130.00, 0.83
41.13, 129.00, 0.72
41.15, 130.00, 0.63
41.17, 131.00, 0.59
41.19, 129.00, 0.47
41.21, 129.00, 0.38
41.24, 131.00, 0.37
41.26, 131.00, 0.35
41.28, 132.00, 0.41
41.30, 130.00, 0.44
41.32, 129.00, 0.35
41.35, 129.00, 0.26
41.37, 129.00, 0.17
41.39, 131.00, 0.15
41.41, 130.00, 0.13
41.43, 131.00, 0.07
41.46, 131.00, 0.04
41.48, 130.00, 0.06
41.50, 131.00, -0.00
41.52, 130.00, 0.01
41.54, 132.00, 0.06
41.56, 132.00, 0.16
41.59, 132.00, 0.17
41.61, 132.00, 0.26
41.63, 131.00, 0.28
41.65, 131.00, 0.25
41.67, 131.00, 0.31
41.70, 129.00, 0.21
41.72, 132.00, 0.23
41.74, 129.00, 0.13
41.76, 130.00, 0.07
41.78, 130.00, -0.03
41.81, 132.00, 0.06
41.83, 131.00, 0.07
41.85, 130.00, -0.03
41.87, 129.00, -0.09
41.90, 129.00, -0.11
41.92, 130.00, -0.12
41.94, 131.00, -0.14
41.96, 130.00, -0.12
41.99, 132.00, -0.02
42.01, 132.00, 0.01
42.03, 131.00, -0.00
42.06, 132.00, -0.01
42.08, 131.00, 0.01
42.10, 129.00, 0.00
42.12, 130.00, 0.03
42.14, 129.00, 0.03
42.17, 130.00, -0.01
42.19, 129.00, -0.05
42.21, 131.00, -0.06
42.23, 129.00, -0.13
42.26, 130.00, -0.13
42.28, 131.00, -0.13
42.30, 129.00, -0.17
42.33, 132.00, -0.17
42.35, 131.00, -0.21
42.37, 129.00, -0.32
42.39, 130.00, -0.40
42.42, 131.00, -0.41
42.44, 130.00, -0.45
42.46, 129.00, -0.53
42.49, 131.00, -0.47
42.51, 131.00, -0.51
42.53, 129.00, -0.51
42.55, 129.00, -0.55
42.58, 130.00, -0.55
42.60, 131.00, -0.58
42.62, 129.00, -0.66
42.65, 131.00, -0.62
42.67, 130.00, -0.58
42.69, 129.00, -0.58
42.71, 130.00, -0.58
42.74, 131.00, -0.57
42.76, 132.00, -0.50
42.78, 131.00, -0.53
42.81, 130.00, -0.60
42.83, 132.00, -0.57
42.85, 129.00, -0.68
42.87, 132.00, -0.64
42.90, 130.00, -0.60
42.92, 132.00, -0.53
42.94, 131.00, -0.46
42.97, 131.00, -0.42
42.99, 131.00, -0.35
43.01, 130.00, -0.38
43.03, 131.00, -0.31
43.06, 132.00, -0.24
43.08, 131.00, -0.23
43.10, 131.00, -0.16
43.13, 129.00, -0.26
43.15, 131.00, -0.25
43.17, 129.00, -0.24
43.19, 131.00, -0.20
43.22, 129.00, -0.26
43.24, 129.00, -0.28
43.26, 131.00, -0.19
43.29, 132.00, -0.14
43.31, 129.00, -0.20
43.33, 132.00, -0.08
43.35, 129.00, -0.06
43.38, 132.00, 0.02
43.40, 130.00, 0.00
43.42, 131.00, 0.09
43.44, 131.00, 0.11
43.47, 130.00, 0.13
43.49, 129.00, 0.15
43.51, 132.00, 0.23
43.53, 131.00, 0.25
43.55, 132.00, 0.27
43.57, 131.00, 0.28
43.60, 131.00, 0.34
43.62, 131.00, 0.32
43.64, 132.00, 0.45
43.66, 132.00, 0.46
43.68, 132.00, 0.55
43.71, 131.00, 0.53
43.73, 129.00, 0.48
43.75, 130.00, 0.45
43.77, 131.00, 0.46
43.79, 129.00, 0.44
43.81, 129.00, 0.37
43.84, 129.00, 0.27
43.86, 132.00, 0.32
43.88, 131.00, 0.32
43.90, 129.00, 0.33
43.92, 129.00, 0.26
43.94, 132.00, 0.38
43.97, 132.00, 0.43
43.99, 132.00, 0.54
44.01, 129.00, 0.55
44.03, 129.00, 0.49
44.06, 132.00, 0.49
44.08, 129.00, 0.50
44.10, 129.00, 0.39
44.12, 130.00, 0.43
44.14, 129.00, 0.32
44.16, 130.00, 0.32
44.19, 131.00, 0.31
44.21, 129.00, 0.23
44.23, 131.00, 0.27
44.25, 132.00, 0.38
44.27, 130.00, 0.29
44.29, 131.00, 0.29
44.32, 131.00, 0.24
44.34, 132.00, 0.27
44.36, 131.00, 0.26
44.38, 132.00, 0.29
44.40, 131.00, 0.24
44.43, 129.00, 0.11
44.45, 129.00, -0.02
44.47, 132.00, 0.01
44.49, 131.00, 0.07
44.51, 132.00, 0.13
44.54, 132.00, 0.15
44.56, 131.00, 0.21
44.58, 129.00, 0.20
44.60, 131.00, 0.27
44.62, 131.00, 0.22
44.65, 132.00, 0.25
44.67, 132.00, 0.35
44.69, 131.00, 0.42
44.71, 130.00, 0.33
44.73, 130.00, 0.25
44.75, 132.00, 0.23
44.78, 131.00, 0.29
44.80, 131.00, 0.35
44.82, 131.00, 0.30
44.84, 130.00, 0.32
44.86, 132.00, 0.42
44.89, 132.00, 0.49
44.91, 130.00, 0.51
44.93, 132.00, 0.58
44.95, 131.00, 0.57
44.97, 129.00, 0.57
44.99, 130.00, 0.52
45.02, 131.00, 0.47
45.04, 129.00, 0.43
45.06, 130.00, 0.38
45.08, 130.00, 0.34
45.10, 129.00, 0.22
45.13, 131.00, 0.21
45.15, 132.00, 0.20
45.17, 130.00, 0.16
45.19, 131.00, 0.23
45.21, 130.00, 0.27
45.24, 129.00, 0.15
45.26, 130.00, 0.11
45.28, 129.00, -0.00
45.30, 131.00, -0.04
45.33, 132.00, -0.01
45.35, 132.00, 0.09
45.37, 129.00, 0.01
45.39, 129.00, -0.07
45.41, 130.00, -0.15
45.44, 132.00, -0.16
45.46, 129.00, -0.25
45.48, 130.00, -0.25
45.51, 132.00, -0.19
45.53, 132.00, -0.19
45.55, 130.00, -0.24
45.57, 132.00, -0.21
45.60, 132.00, -0.18
45.62, 129.00, -0.23
45.64, 130.00, -0.31
45.67, 131.00, -0.36
45.69, 129.00, -0.41
45.71, 129.00, -0.54
45.73, 130.00, -0.59
45.76, 129.00, -0.61
45.78, 131.00, -0.58
45.80, 129.00, -0.67
45.83, 132.00, -0.57
45.85, 130.00, -0.58
45.87, 131.00, -0.55
45.89, 130.00, -0.52
45.92, 132.00, -0.49
45.94, 129.00, -0.60
45.96, 131.00, -0.57
45.99, 131.00, -0.58
46.01, 132.00, -0.51
46.03, 132.00, -0.41
46.06, 130.00, -0.41
46.08, 130.00, -0.37
46.10, 132.00, -0.34
46.12, 129.00, -0.44
46.15, 132.00, -0.45
46.17, 130.00, -0.41
46.19, 132.00, -0.30
46.22, 130.00, -0.30
46.24, 132.00, -0.29
46.26, 129.00, -0.29
46.28, 132.00, -0.21
46.31, 132.00, -0.20
46.33, 132.00, -0.20
46.35, 131.00, -0.15
46.37, 131.00, -0.18
46.40, 129.00, -0.29
46.42, 131.00, -0.21
46.44, 129.00, -0.23
46.47, 132.00, -0.19
46.49, 131.00, -0.11
46.51, 131.00, -0.02
46.53, 130.00, -0.00
46.56, 130.00, 0.05
46.58, 131.00, 0.07
46.60, 130.00, 0.12
46.62, 129.00, 0.03
46.65, 129.00, 0.01
46.67, 132.00, 0.06
46.69, 132.00, 0.15
46.71, 129.00, 0.05
46.73, 132.00, 0.18
46.75, 132.00, 0.23
46.78, 131.00, 0.25
46.80, 132.00, 0.26
46.82, 129.00, 0.17
46.84, 131.00, 0.22
46.86, 129.00, 0.19
46.88, 130.00, 0.13
46.91, 132.00, 0.25
46.93, 130.00, 0.19
46.95, 130.00, 0.20
46.97, 130.00, 0.14
46.99, 131.00, 0.18
47.02, 129.00, 0.08
47.04, 129.00, 0.09
47.06, 129.00, -0.01
47.08, 129.00, -0.12
47.11, 132.00, -0.11
47.13, 132.00, -0.07
47.15, 132.00, -0.03
47.17, 131.00, 0.05
47.20, 132.00, 0.10
47.22, 130.00, 0.14
47.24, 130.00, 0.07
47.26, 131.00, 0.08
47.28, 132.00, 0.11
47.31, 131.00, 0.15
47.33, 131.00, 0.19
47.35, 129.00, 0.11
47.37, 132.00, 0.18
47.39, 132.00, 0.29
47.42, 131.00, 0.37
47.44, 129.00, 0.25
47.46, 129.00, 0.14
47.48, 132.00, 0.25
47.50, 132.00, 0.24
47.52, 129.00, 0.12
47.55, 132.00, 0.15
47.57, 129.00, 0.03
47.59, 129.00, 0.03
47.61, 132.00, 0.06
47.63, 131.00, 0.13
47.65, 130.00, 0.13
47.68, 129.00, 0.01
47.70, 130.00, 0.00
47.72, 130.00, -0.00
47.74, 131.00, 0.03
47.76, 130.00, -0.01
47.79, 131.00, 0.06
47.81, 130.00, 0.09
47.83, 130.00, 0.13
47.85, 132.00, 0.24
47.88, 131.00, 0.21
47.90, 132.00, 0.21
47.92, 131.00, 0.18
47.94, 130.00, 0.14
47.96, 132.00, 0.14
47.99, 132.00, 0.21
48.01, 131.00, 0.24
48.03, 132.00, 0.28
48.05, 131.00, 0.24
48.07, 132.00, 0.27
48.09, 131.00, 0.26
48.12, 132.00, 0.37
48.14, 131.00, 0.33
48.16, 131.00, 0.28
48.18, 131.00, 0.27
48.20, 132.00, 0.38
48.22, 133.00, 0.52
48.25, 133.00, 0.55
48.27, 132.00, 0.55
48.29, 130.00, 0.58
48.31, 131.00, 0.54
48.33, 133.00, 0.69
48.36, 130.00, 0.72
48.38, 132.00, 0.72
48.40, 131.00, 0.72
48.42, 132.00, 0.79
48.44, 131.00, 0.86
48.47, 132.00, 0.94
48.49, 131.00, 0.97
48.51, 131.00, 0.98
48.53, 132.00, 1.05
48.55, 132.00, 1.09
48.58, 132.00, 1.16
48.60, 129.00, 1.12
48.62, 131.00, 1.07
48.64, 132.00, 1.10
48.66, 132.00, 1.10
48.68, 130.00, 1.06
48.71, 132.00, 1.13
48.73, 131.00, 1.09
48.75, 132.00, 1.08
48.77, 130.00, 1.04
48.79, 132.00, 1.03
48.81, 132.00, 1.06
48.84, 131.00, 1.01
48.86, 131.00, 1.01
48.88, 131.00, 0.96
48.90, 132.00, 0.99
48.92, 133.00, 1.05
48.95, 131.00, 1.05
48.97, 132.00, 1.03
48.99, 132.00, 0.98
49.01, 131.00, 0.89
49.03, 130.00, 0.80
49.06, 133.00, 0.90
49.08, 132.00, 0.92
49.10, 131.00, 0.82
49.12, 132.00, 0.88
49.14, 131.00, 0.82
49.16, 130.00, 0.76
49.19, 132.00, 0.74
49.21, 131.00, 0.71
49.23, 132.00, 0.69
49.25, 132.00, 0.70
49.27, 130.00, 0.63
49.29, 130.00, 0.53
49.32, 133.00, 0.53
49.34, 132.00, 0.50
49.36, 131.00, 0.54
49.38, 132.00, 0.55
49.40, 132.00, 0.52
49.43, 132.00, 0.49
49.45, 132.00, 0.53
49.47, 132.00, 0.50
49.49, 130.00, 0.43
49.51, 132.00, 0.40
49.54, 130.00, 0.37
49.56, 132.00, 0.34
49.58, 132.00, 0.31
49.60, 131.00, 0.28
49.62, 131.00, 0.25
49.65, 131.00, 0.23
49.67, 132.00, 0.20
49.69, 134.00, 0.20
49.71, 132.00, 0.21
49.73, 132.00, 0.18
49.75, 131.00, 0.12
49.78, 132.00, 0.13
49.80, 132.00, 0.18
49.82, 132.00, 0.12
49.84, 130.00, 0.02
49.86, 131.00, -0.01
49.89, 132.00, -0.03
49.91, 132.00, -0.02
49.93, 132.00, 0.04
49.95, 132.00, 0.01
49.98, 129.00, -0.08
50.00, 131.00, -0.14
50.02, 133.00, -0.12
50.04, 131.00, -0.10
50.07, 129.00, -0.15
50.09, 131.00, -0.24
50.11, 132.00, -0.25
50.14, 131.00, -0.27
50.16, 132.00, -0.29
50.18, 131.00, -0.34
50.20, 132.00, -0.35
50.23, 131.00, -0.40
50.25, 131.00, -0.45
50.27, 132.00, -0.39
50.29, 132.00, -0.40
50.32, 132.00, -0.34
50.34, 132.00, -0.34
50.36, 132.00, -0.35
50.39, 131.00, -0.36
50.41, 130.00, -0.40
50.43, 132.00, -0.37
50.46, 130.00, -0.45
50.48, 131.00, -0.56
50.50, 132.00, -0.57
50.53, 132.00, -0.57
50.55, 131.00, -0.58
50.57, 131.00, -0.61
50.59, 131.00, -0.65
50.62, 132.00, -0.66
50.64, 130.00, -0.66
50.66, 131.00, -0.66
50.68, 131.00, -0.69
50.71, 131.00, -0.73
50.73, 132.00, -0.73
50.75, 129.00, -0.83
50.78, 131.00, -0.76
50.80, 131.00, -0.75
50.82, 129.00, -0.89
50.85, 131.00, -0.89
50.87, 130.00, -0.85
50.89, 130.00, -0.88
50.91, 129.00, -0.98
50.94, 129.00, -1.05
50.96, 132.00, -1.04
50.98, 130.00, -1.06
51.01, 132.00, -1.05
51.03, 131.00, -1.04
51.05, 129.00, -1.10
51.07, 130.00, -1.16
51.10, 130.00, -1.22
51.12, 130.00, -1.28
51.14, 130.00, -1.35
51.17, 131.00, -1.37
51.19, 132.00, -1.33
51.21, 129.00, -1.35
51.23, 130.00, -1.41
51.26, 129.00, -1.43
51.28, 129.00, -1.49
51.30, 129.00, -1.58
51.33, 132.00, -1.57
51.35, 129.00, -1.62
51.37, 130.00, -1.64
51.39, 131.00, -1.62
51.42, 131.00, -1.64
51.44, 131.00, -1.58
51.46, 130.00, -1.60
51.49, 132.00, -1.54
51.51, 130.00, -1.56
51.53, 129.00, -1.65
51.55, 130.00, -1.58
51.58, 130.00, -1.60
51.60, 129.00, -1.65
51.62, 131.00, -1.55
51.65, 129.00, -1.60
51.67, 131.00, -1.54
51.69, 132.00, -1.44
51.72, 130.00, -1.38
51.74, 132.00, -1.24
51.76, 130.00, -1.28
51.78, 131.00, -1.22
51.81, 129.00, -1.29
51.83, 130.00, -1.30
51.85, 131.00, -1.20
51.87, 131.00, -1.13
51.90, 130.00, -1.09
51.92, 129.00, -1.09
51.94, 131.00, -1.02
51.97, 131.00, -0.98
51.99, 131.00, -0.98
52.01, 132.00, -0.83
52.03, 132.00, -0.72
52.06, 131.00, -0.61
52.08, 132.00, -0.46
52.10, 132.00, -0.30
52.13, 131.00, -0.30
52.15, 129.00, -0.25
52.17, 130.00, -0.20
52.19, 129.00, -0.23
52.22, 129.00, -0.25
52.24, 129.00, -0.28
52.26, 129.00, -0.27
52.29, 132.00, -0.22
52.31, 129.00, -0.22
52.33, 131.00, -0.10
52.35, 129.00, -0.09
52.38, 129.00, -0.08
52.40, 131.00, 0.04
52.42, 130.00, 0.05
52.44, 129.00, 0.10
52.47, 131.00, 0.14
52.49, 132.00, 0.18
52.51, 130.00, 0.22
52.53, 130.00, 0.18
52.55, 130.00, 0.22
52.58, 129.00, 0.19
52.60, 129.00, 0.22
52.62, 129.00, 0.22
52.64, 129.00, 0.19
52.66, 130.00, 0.18
52.68, 130.00, 0.22
52.71, 129.00, 0.25
52.73, 129.00, 0.21
52.75, 130.00, 0.20
52.77, 129.00, 0.15
52.79, 129.00, 0.07
52.81, 130.00, 0.02
52.84, 129.00, -0.04
52.86, 129.00, -0.14
52.88, 131.00, -0.16
52.91, 129.00, -0.23
52.93, 130.00, -0.18
52.95, 129.00, -0.21
52.97, 129.00, -0.21
53.00, 129.00, -0.20
53.02, 128.00, -0.23
53.04, 130.00, -0.18
53.07, 129.00, -0.29
53.09, 130.00, -0.24
53.11, 129.00, -0.32
53.13, 130.00, -0.28
53.16, 130.00, -0.24
53.18, 130.00, -0.27
53.20, 130.00, -0.28
53.23, 129.00, -0.28
53.25, 130.00, -0.32
53.27, 128.00, -0.47
53.29, 129.00, -0.51
53.32, 129.00, -0.55
53.34, 130.00, -0.56
53.36, 131.00, -0.49
53.39, 130.00, -0.46
53.41, 129.00, -0.47
53.43, 130.00, -0.43
53.46, 127.00, -0.55
53.48, 131.00, -0.52
53.50, 130.00, -0.49
53.52, 129.00, -0.49
53.55, 129.00, -0.53
53.57, 129.00, -0.54
53.59, 130.00, -0.50
53.62, 130.00, -0.50
53.64, 130.00, -0.46
53.66, 129.00, -0.46
53.68, 129.00, -0.53
53.71, 130.00, -0.49
53.73, 130.00, -0.48
53.75, 130.00, -0.44
53.78, 129.00, -0.43
53.80, 129.00, -0.43
53.82, 128.00, -0.42
53.84, 130.00, -0.42
53.87, 129.00, -0.41
53.89, 130.00, -0.40
53.91, 130.00, -0.36
53.94, 129.00, -0.38
53.96, 130.00, -0.38
53.98, 130.00, -0.37
54.00, 130.00, -0.36
54.03, 129.00, -0.35
54.05, 130.00, -0.35
54.07, 130.00, -0.26
54.10, 130.00, -0.21
54.12, 129.00, -0.20
54.14, 129.00, -0.22
54.17, 130.00, -0.24
54.19, 129.00, -0.26
54.21, 129.00, -0.25
54.23, 129.00, -0.27
54.26, 129.00, -0.18
54.28, 131.00, -0.17
54.30, 129.00, -0.19
54.33, 130.00, -0.14
54.35, 131.00, -0.05
54.37, 131.00, 0.03
54.39, 130.00, 0.05
54.41, 129.00, 0.02
54.44, 129.00, 0.00
54.46, 130.00, 0.05
54.48, 128.00, 0.03
54.50, 129.00, 0.01
54.52, 131.00, 0.06
54.54, 130.00, 0.07
54.57, 129.00, 0.08
54.59, 129.00, 0.10
54.61, 132.00, 0.25
54.63, 130.00, 0.27
54.65, 130.00, 0.31
54.68, 131.00, 0.36
54.70, 129.00, 0.34
54.72, 130.00, 0.39
54.74, 129.00, 0.36
54.76, 131.00, 0.41
54.79, 129.00, 0.38
54.81, 129.00, 0.39
54.83, 129.00, 0.37
54.85, 131.00, 0.41
54.87, 129.00, 0.38
54.89, 130.00, 0.43
54.92, 131.00, 0.51
54.94, 129.00, 0.48
54.96, 130.00, 0.52
54.98, 131.00, 0.60
55.00, 132.00, 0.73
55.03, 130.00, 0.77
55.05, 131.00, 0.77
55.07, 129.00, 0.78
55.09, 131.00, 0.82
55.11, 129.00, 0.75
55.13, 131.00, 0.75
55.16, 129.00, 0.71
55.18, 131.00, 0.79
55.20, 129.00, 0.79
55.22, 131.00, 0.82
55.24, 130.00, 0.90
55.27, 130.00, 0.93
55.29, 130.00, 0.90
55.31, 129.00, 0.85
55.33, 129.00, 0.85
55.35, 129.00, 0.85
55.38, 129.00, 0.73
55.40, 129.00, 0.69
55.42, 131.00, 0.71
55.44, 129.00, 0.63
55.46, 129.00, 0.62
55.48, 129.00, 0.57
55.51, 131.00, 0.63
55.53, 130.00, 0.58
55.55, 131.00, 0.65
55.57, 131.00, 0.71
55.59, 129.00, 0.70
55.62, 131.00, 0.69
55.64, 129.00, 0.68
55.66, 131.00, 0.70
55.68, 131.00, 0.69
55.70, 131.00, 0.75
55.72, 132.00, 0.81
55.75, 130.00, 0.75
55.77, 130.00, 0.66
55.79, 129.00, 0.60
55.81, 131.00, 0.58
55.83, 130.00, 0.59
55.86, 130.00, 0.53
55.88, 129.00, 0.51
55.90, 129.00, 0.41
55.92, 129.00, 0.39
55.94, 130.00, 0.33
55.97, 130.00, 0.35
55.99, 130.00, 0.29
56.01, 130.00, 0.26
56.03, 128.00, 0.16
56.05, 129.00, 0.10
56.07, 130.00, 0.11
56.10, 130.00, 0.12
56.12, 131.00, 0.17
56.14, 130.00, 0.19
56.16, 130.00, 0.21
56.18, 129.00, 0.11
56.21, 131.00, 0.17
56.23, 132.00, 0.26
56.25, 131.00, 0.32
56.27, 129.00, 0.23
56.29, 130.00, 0.21
56.31, 132.00, 0.23
56.34, 130.00, 0.17
56.36, 130.00, 0.19
56.38, 131.00, 0.17
56.40, 131.00, 0.23
56.42, 128.00, 0.09
56.44, 130.00, 0.04
56.47, 129.00, -0.06
56.49, 131.00, -0.12
56.51, 129.00, -0.18
56.54, 129.00, -0.23
56.56, 130.00, -0.21
56.58, 130.00, -0.27
56.60, 131.00, -0.25
56.63, 129.00, -0.30
56.65, 131.00, -0.24
56.67, 131.00, -0.18
56.70, 129.00, -0.19
56.72, 129.00, -0.23
56.74, 129.00, -0.28
56.76, 130.00, -0.29
56.79, 129.00, -0.33
56.81, 130.00, -0.26
56.83, 129.00, -0.26
56.86, 129.00, -0.30
56.88, 130.00, -0.30
56.90, 132.00, -0.27
56.92, 129.00, -0.31
56.95, 131.00, -0.28
56.97, 129.00, -0.29
56.99, 129.00, -0.36
57.02, 132.00, -0.37
57.04, 131.00, -0.38
57.06, 130.00, -0.35
57.08, 130.00, -0.35
57.11, 130.00, -0.43
57.13, 131.00, -0.40
57.15, 129.00, -0.44
57.18, 129.00, -0.51
57.20, 129.00, -0.59
57.22, 129.00, -0.56
57.24, 129.00, -0.59
57.27, 130.00, -0.56
57.29, 131.00, -0.55
57.31, 129.00, -0.55
57.34, 130.00, -0.51
57.36, 129.00, -0.54
57.38, 129.00, -0.56
57.40, 129.00, -0.63
57.43, 128.00, -0.66
57.45, 129.00, -0.72
57.47, 130.00, -0.75
57.50, 129.00, -0.75
57.52, 129.00, -0.74
57.54, 130.00, -0.70
57.57, 130.00, -0.69
57.59, 131.00, -0.61
57.61, 130.00, -0.60
57.63, 130.00, -0.56
57.66, 128.00, -0.59
57.68, 129.00, -0.61
57.70, 130.00, -0.68
57.72, 130.00, -0.63
57.75, 129.00, -0.70
57.77, 131.00, -0.62
57.79, 129.00, -0.61
57.82, 130.00, -0.67
57.84, 128.00, -0.76
57.86, 130.00, -0.75
57.88, 130.00, -0.74
57.91, 127.00, -0.84
57.93, 129.00, -0.90
57.95, 132.00, -0.78
57.98, 130.00, -0.73
58.00, 128.00, -0.75
58.02, 130.00, -0.70
58.05, 131.00, -0.61
58.07, 130.00, -0.59
58.09, 131.00, -0.58
58.12, 129.00, -0.56
58.14, 132.00, -0.47
58.16, 130.00, -0.42
58.18, 130.00, -0.37
58.21, 132.00, -0.25
58.23, 131.00, -0.12
58.25, 130.00, -0.06
58.27, 128.00, -0.11
58.30, 131.00, -0.02
58.32, 129.00, -0.00
58.34, 130.00, 0.02
58.37, 129.00, 0.00
58.39, 130.00, -0.02
58.41, 129.00, -0.03
58.43, 131.00, 0.02
58.46, 130.00, 0.11
58.48, 129.00, 0.12
58.50, 129.00, 0.11
58.52, 130.00, 0.13
58.54, 130.00, 0.18
58.56, 129.00, 0.13
58.59, 130.00, 0.18
58.61, 129.00, 0.17
58.63, 131.00, 0.30
58.65, 129.00, 0.28
58.67, 128.00, 0.23
58.69, 127.00, 0.26
58.72, 130.00, 0.32
58.74, 128.00, 0.20
58.76, 130.00, 0.22
58.78, 128.00, 0.24
58.80, 130.00, 0.26
58.83, 129.00, 0.21
58.85, 130.00, 0.22
58.87, 127.00, 0.09
58.89, 130.00, 0.15
58.91, 128.00, 0.01
58.94, 129.00, -0.01
58.96, 130.00, 0.00
58.98, 127.00, -0.18
59.00, 130.00, -0.21
59.03, 128.00, -0.28
59.05, 129.00, -0.24
59.07, 129.00, -0.31
59.10, 130.00, -0.28
59.12, 129.00, -0.31
59.14, 130.00, -0.28
59.16, 130.00, -0.28
59.19, 130.00, -0.24
59.21, 130.00, -0.28
59.23, 129.00, -0.32
59.25, 129.00, -0.32
59.28, 128.00, -0.36
59.30, 130.00, -0.36
59.32, 130.00, -0.37
59.35, 130.00, -0.33
59.37, 129.00, -0.37
59.39, 130.00, -0.34
59.41, 129.00, -0.42
59.44, 131.00, -0.36
59.46, 129.00, -0.33
59.48, 129.00, -0.26
59.51, 129.00, -0.31
59.53, 130.00, -0.24
59.55, 129.00, -0.28
59.58, 129.00, -0.25
59.60, 130.00, -0.26
59.62, 130.00, -0.23
59.64, 128.00, -0.31
59.67, 127.00, -0.31
59.69, 128.00, -0.38
59.71, 130.00, -0.31
59.74, 130.00, -0.28
59.76, 129.00, -0.31
59.78, 130.00, -0.20
59.80, 129.00, -0.23
59.83, 129.00, -0.19
59.85, 128.00, -0.22
59.87, 130.00, -0.17
59.90, 130.00, -0.16
59.92, 128.00, -0.19
59.94, 129.00, -0.22
59.96, 129.00, -0.25
59.99, 130.00, -0.24
60.01, 129.00, -0.27
60.03, 129.00, -0.26
60.06, 130.00, -0.21
60.08, 129.00, -0.17
60.10, 127.00, -0.27
60.12, 129.00, -0.29
60.15, 129.00, -0.32
60.17, 130.00, -0.27
60.19, 131.00, -0.23
60.22, 130.00, -0.18
60.24, 131.00, -0.17
60.26, 130.00, -0.12
60.28, 130.00, -0.08
60.31, 129.00, -0.07
60.33, 129.00, -0.10
60.35, 130.00, -0.06
60.38, 130.00, -0.01
60.40, 131.00, 0.03
60.42, 129.00, -0.00
60.44, 131.00, 0.12
60.47, 130.00, 0.23
60.49, 130.00, 0.31
60.51, 132.00, 0.40
60.53, 132.00, 0.48
60.55, 129.00, 0.49
60.57, 132.00, 0.56
60.60, 131.00, 0.64
60.62, 132.00, 0.76
60.64, 133.00, 0.95
60.66, 131.00, 0.99
60.68, 131.00, 1.03
60.71, 134.00, 1.26
60.73, 132.00, 1.37
60.75, 132.00, 1.49
60.77, 131.00, 1.53
60.79, 132.00, 1.66
60.81, 131.00, 1.74
60.84, 133.00, 1.86
60.86, 132.00, 1.97
60.88, 133.00, 2.21
60.90, 132.00, 2.33
60.92, 133.00, 2.48
60.94, 132.00, 2.57
60.97, 134.00, 2.69
60.99, 132.00, 2.77
61.01, 134.00, 2.90
61.03, 132.00, 2.97
61.05, 134.00, 3.13
61.08, 134.00, 3.32
61.10, 134.00, 3.51
61.12, 134.00, 3.67
61.14, 134.00, 3.83
61.16, 134.00, 3.94
61.19, 133.00, 4.09
61.21, 134.00, 4.21
61.23, 131.00, 4.23
61.25, 134.00, 4.38
61.27, 131.00, 4.33
61.29, 132.00, 4.31
61.32, 132.00, 4.41
61.34, 134.00, 4.47
61.36, 132.00, 4.48
61.38, 134.00, 4.54
61.40, 134.00, 4.55
61.43, 131.00, 4.52
61.45, 131.00, 4.48
61.47, 133.00, 4.42
61.49, 134.00, 4.45
61.51, 132.00, 4.40
61.53, 134.00, 4.47
61.56, 132.00, 4.42
61.58, 133.00, 4.44
61.60, 132.00, 4.36
61.62, 132.00, 4.30
61.64, 133.00, 4.23
61.67, 133.00, 4.21
61.69, 131.00, 4.05
61.71, 132.00, 3.98
61.73, 131.00, 3.79
61.75, 132.00, 3.71
61.78, 132.00, 3.55
61.80, 131.00, 3.43
61.82, 131.00, 3.23
61.84, 131.00, 3.02
61.86, 131.00, 2.81
61.88, 130.00, 2.55
61.91, 130.00, 2.30
61.93, 130.00, 2.03
61.95, 129.00, 1.77
61.97, 129.00, 1.46
61.99, 129.00, 1.26
62.01, 129.00, 0.95
62.04, 131.00, 0.83
62.06, 130.00, 0.63
62.08, 132.00, 0.50
62.10, 130.00, 0.23
62.13, 131.00, 0.06
62.15, 132.00, -0.14
62.17, 131.00, -0.39
62.19, 132.00, -0.48
62.22, 130.00, -0.64
62.24, 131.00, -0.84
62.26, 131.00, -1.08
62.28, 132.00, -1.20
62.31, 131.00, -1.44
62.33, 131.00, -1.60
62.35, 129.00, -1.87
62.38, 130.00, -2.06
62.40, 132.00, -2.18
62.42, 129.00, -2.44
62.44, 129.00, -2.70
62.47, 132.00, -2.78
62.49, 130.00, -2.96
62.51, 130.00, -3.09
62.53, 132.00, -3.20
62.56, 130.00, -3.36
62.58, 131.00, -3.46
62.60, 130.00, -3.58
62.63, 131.00, -3.66
62.65, 130.00, -3.76
62.67, 130.00, -3.84
62.70, 131.00, -3.85
62.72, 130.00, -3.91
62.74, 130.00, -3.91
62.76, 132.00, -3.84
62.79, 129.00, -3.87
62.81, 129.00, -3.89
62.83, 131.00, -3.91
62.86, 130.00, -3.92
62.88, 131.00, -3.97
62.90, 132.00, -3.89
62.92, 132.00, -3.86
62.95, 130.00, -3.92
62.97, 130.00, -3.95
62.99, 130.00, -4.00
63.02, 132.00, -3.91
63.04, 129.00, -3.96
63.06, 131.00, -3.93
63.08, 129.00, -4.00
63.11, 132.00, -3.93
63.13, 131.00, -3.88
63.15, 130.00, -3.80
63.18, 132.00, -3.67
63.20, 132.00, -3.61
63.22, 130.00, -3.51
63.24, 132.00, -3.32
63.27, 132.00, -3.25
63.29, 131.00, -3.13
63.31, 132.00, -2.97
63.34, 132.00, -2.88
63.36, 132.00, -2.72
63.38, 131.00, -2.62
63.40, 132.00, -2.45
63.43, 132.00, -2.31
63.45, 131.00, -2.17
63.47, 131.00, -2.02
63.50, 131.00, -1.92
63.52, 132.00, -1.73
63.54, 131.00, -1.59
63.56, 131.00, -1.52
63.59, 132.00, -1.30
63.61, 133.00, -1.05
63.63, 132.00, -0.90
63.66, 134.00, -0.65
63.68, 132.00, -0.50
63.70, 133.00, -0.35
63.72, 132.00, -0.24
63.75, 134.00, 0.01
63.77, 132.00, 0.20
63.79, 133.00, 0.42
63.81, 134.00, 0.61
63.84, 133.00, 0.86
63.86, 135.00, 1.12
63.88, 136.00, 1.49
63.90, 135.00, 1.71
63.92, 137.00, 2.04
63.94, 138.00, 2.45
63.97, 136.00, 2.70
63.99, 140.00, 3.10
64.01, 139.00, 3.53
64.03, 140.00, 3.92
64.05, 140.00, 4.31
64.07, 140.00, 4.74
64.10, 139.00, 5.08
64.12, 140.00, 5.47
64.14, 140.00, 5.85
64.16, 142.00, 6.33
64.18, 141.00, 6.74
64.21, 142.00, 7.19
64.23, 140.00, 7.59
64.25, 141.00, 8.03
64.27, 139.00, 8.40
64.29, 142.00, 8.82
64.32, 139.00, 9.17
64.34, 141.00, 9.61
64.36, 140.00, 9.94
64.38, 141.00, 10.28
64.40, 143.00, 10.73
64.43, 143.00, 11.06
64.45, 143.00, 11.49
64.47, 141.00, 11.82
64.50, 143.00, 12.22
64.52, 143.00, 12.57
64.54, 143.00, 12.95
64.57, 143.00, 13.27
64.59, 144.00, 13.61
64.61, 143.00, 13.95
64.63, 144.00, 14.21
64.66, 141.00, 14.34
64.68, 143.00, 14.58
64.70, 144.00, 14.74
64.72, 144.00, 14.87
64.75, 143.00, 15.03
64.77, 144.00, 15.05
64.79, 145.00, 15.17
64.82, 146.00, 15.23
64.84, 144.00, 15.26
64.86, 146.00, 15.30
64.89, 145.00, 15.37
64.91, 145.00, 15.36
64.93, 146.00, 15.41
64.95, 144.00, 15.27
64.98, 146.00, 15.26
65.00, 144.00, 15.09
65.02, 143.00, 14.98
65.04, 144.00, 14.83
65.07, 144.00, 14.76
65.09, 142.00, 14.49
65.11, 143.00, 14.37
65.14, 141.00, 14.08
65.16, 140.00, 13.79
65.18, 142.00, 13.53
65.21, 139.00, 13.09
65.23, 138.00, 12.62
65.25, 139.00, 12.15
65.27, 137.00, 11.69
65.30, 137.00, 11.13
65.32, 139.00, 10.65
65.34, 135.00, 10.00
65.37, 136.00, 9.38
65.39, 136.00, 8.73
65.41, 134.00, 8.04
65.43, 136.00, 7.37
65.45, 136.00, 6.80
65.47, 135.00, 6.11
65.50, 134.00, 5.35
65.52, 135.00, 4.61
65.54, 134.00, 3.88
65.56, 135.00, 3.13
65.58, 132.00, 2.23
65.61, 131.00, 1.26
65.63, 133.00, 0.43
65.65, 133.00, -0.48
65.67, 132.00, -1.39
65.69, 131.00, -2.34
65.72, 133.00, -3.25
65.74, 131.00, -4.17
65.76, 131.00, -5.14
65.79, 131.00, -6.05
65.81, 131.00, -6.92
65.83, 131.00, -7.82
65.86, 132.00, -8.68
65.88, 132.00, -9.45
65.90, 132.00, -10.28
65.93, 132.00, -10.99
65.95, 133.00, -11.64
65.97, 131.00, -12.40
66.00, 131.00, -13.07
66.02, 132.00, -13.61
66.04, 129.00, -14.32
66.07, 131.00, -14.84
66.09, 129.00, -15.43
66.12, 132.00, -15.96
66.14, 131.00, -16.37
66.16, 132.00, -16.79
66.19, 131.00, -17.15
66.21, 129.00, -17.52
66.24, 132.00, -17.82
66.26, 131.00, -18.17
66.28, 130.00, -18.43
66.31, 132.00, -18.63
66.33, 130.00, -18.88
66.36, 131.00, -19.03
66.38, 131.00, -19.23
66.40, 132.00, -19.25
66.43, 131.00, -19.21
66.45, 131.00, -19.27
66.47, 129.00, -19.32
66.50, 130.00, -19.33
66.52, 130.00, -19.28
66.55, 131.00, -19.24
66.57, 131.00, -19.08
66.59, 129.00, -19.03
66.62, 129.00, -18.87
66.64, 129.00, -18.75
66.67, 130.00, -18.55
66.69, 129.00, -18.37
66.71, 131.00, -18.17
66.74, 130.00, -17.92
66.76, 131.00, -17.66
66.79, 132.00, -17.38
66.81, 129.00, -17.12
66.83, 131.00, -16.74
66.86, 132.00, -16.41
66.88, 131.00, -15.92
66.91, 129.00, -15.59
66.93, 132.00, -15.10
66.95, 129.00, -14.73
66.98, 132.00, -14.27
67.00, 129.00, -13.92
67.03, 129.00, -13.51
67.05, 131.00, -12.97
67.07, 132.00, -12.48
67.10, 132.00, -11.93
67.12, 131.00, -11.40
67.14, 131.00, -10.92
67.17, 132.00, -10.31
67.19, 132.00, -9.77
67.22, 131.00, -9.22
67.24, 130.00, -8.78
67.26, 130.00, -8.28
67.28, 132.00, -7.71
67.31, 132.00, -7.07
67.33, 132.00, -6.46
67.35, 131.00, -5.88
67.38, 129.00, -5.41
67.40, 131.00, -4.88
67.42, 130.00, -4.29
67.44, 132.00, -3.66
67.47, 130.00, -3.08
67.49, 130.00, -2.55
67.51, 130.00, -1.99
67.54, 132.00, -1.43
67.56, 130.00, -0.90
67.58, 131.00, -0.39
67.60, 131.00, 0.08
67.63, 132.00, 0.69
67.65, 132.00, 1.22
67.67, 132.00, 1.70
67.69, 131.00, 2.18
67.71, 131.00, 2.72
67.74, 133.00, 3.21
67.76, 131.00, 3.72
67.78, 131.00, 4.12
67.80, 132.00, 4.66
67.82, 131.00, 5.14
67.85, 133.00, 5.62
67.87, 132.00, 6.02
67.89, 133.00, 6.42
67.91, 132.00, 6.83
67.93, 133.00, 7.25
67.95, 131.00, 7.55
67.98, 132.00, 7.85
68.00, 131.00, 8.17
68.02, 134.00, 8.57
68.04, 131.00, 8.88
68.06, 131.00, 9.09
68.08, 131.00, 9.28
68.11, 134.00, 9.56
68.13, 134.00, 9.88
68.15, 133.00, 10.19
68.17, 133.00, 10.42
68.20, 131.00, 10.60
68.22, 134.00, 10.77
68.24, 133.00, 10.97
68.26, 133.00, 11.17
68.29, 133.00, 11.33
68.31, 134.00, 11.43
68.33, 133.00, 11.60
68.36, 135.00, 11.73
68.38, 133.00, 11.82
68.40, 133.00, 11.83
68.43, 134.00, 11.84
68.45, 134.00, 11.85
68.47, 135.00, 11.93
68.49, 135.00, 11.96
68.52, 135.00, 11.93
68.54, 135.00, 11.96
68.56, 135.00, 11.96
68.58, 134.00, 11.88
68.61, 136.00, 11.88
68.63, 134.00, 11.76
68.65, 136.00, 11.70
68.68, 135.00, 11.59
68.70, 136.00, 11.51
68.72, 136.00, 11.41
68.75, 138.00, 11.42
68.77, 136.00, 11.34
68.79, 138.00, 11.34
68.81, 138.00, 11.24
68.84, 137.00, 11.18
68.86, 137.00, 11.14
68.88, 137.00, 11.07
68.90, 138.00, 10.94
68.93, 137.00, 10.75
68.95, 137.00, 10.60
68.97, 137.00, 10.45
69.00, 138.00, 10.41
69.02, 138.00, 10.25
69.04, 138.00, 10.13
69.07, 137.00, 9.96
69.09, 138.00, 9.84
69.11, 138.00, 9.69
69.13, 137.00, 9.51
69.15, 138.00, 9.32
69.18, 137.00, 9.13
69.20, 138.00, 9.01
69.22, 139.00, 8.85
69.24, 136.00, 8.62
69.26, 140.00, 8.46
69.28, 136.00, 8.18
69.31, 138.00, 7.95
69.33, 137.00, 7.71
69.35, 137.00, 7.44
69.37, 138.00, 7.27
69.39, 138.00, 7.02
69.42, 138.00, 6.83
69.44, 137.00, 6.54
69.46, 137.00, 6.29
69.48, 137.00, 6.00
69.50, 136.00, 5.67
69.52, 137.00, 5.32
69.55, 137.00, 5.02
69.57, 135.00, 4.59
69.59, 137.00, 4.23
69.61, 136.00, 3.87
69.63, 136.00, 3.51
69.65, 136.00, 3.16
69.68, 135.00, 2.72
69.70, 135.00, 2.33
69.72, 135.00, 1.95
69.74, 135.00, 1.57
69.76, 136.00, 1.18
69.79, 137.00, 0.84
69.81, 135.00, 0.43
69.83, 135.00, 0.06
69.85, 136.00, -0.31
69.88, 136.00, -0.68
69.90, 135.00, -1.03
69.92, 135.00, -1.42
69.94, 138.00, -1.65
69.97, 136.00, -1.99
69.99, 136.00, -2.36
70.01, 136.00, -2.61
70.04, 138.00, -2.92
70.06, 135.00, -3.20
70.08, 136.00, -3.50
70.10, 136.00, -3.75
70.13, 135.00, -4.04
70.15, 135.00, -4.35
70.17, 135.00, -4.66
70.19, 136.00, -4.92
70.22, 136.00, -5.14
70.24, 136.00, -5.34
70.26, 138.00, -5.48
70.29, 135.00, -5.66
70.31, 135.00, -5.88
70.33, 136.00, -6.06
70.36, 136.00, -6.14
70.38, 138.00, -6.21
70.40, 136.00, -6.32
70.42, 137.00, -6.37
70.45, 136.00, -6.44
70.47, 135.00, -6.53
70.49, 135.00, -6.57
70.51, 138.00, -6.51
70.54, 135.00, -6.54
70.56, 138.00, -6.50
70.58, 137.00, -6.51
70.61, 135.00, -6.52
70.63, 138.00, -6.40
70.65, 135.00, -6.42
70.68, 136.00, -6.40
70.70, 138.00, -6.26
70.72, 138.00, -6.12
70.75, 138.00, -6.07
70.77, 137.00, -5.98
70.79, 135.00, -5.95
70.81, 138.00, -5.81
70.84, 134.00, -5.87
70.86, 136.00, -5.75
70.88, 136.00, -5.65
70.90, 138.00, -5.48
70.93, 135.00, -5.36
70.95, 138.00, -5.14
70.97, 138.00, -4.90
71.00, 136.00, -4.77
71.02, 135.00, -4.65
71.04, 136.00, -4.50
71.06, 136.00, -4.42
71.09, 136.00, -4.23
71.11, 136.00, -4.03
71.13, 136.00, -3.86
71.16, 136.00, -3.69
71.18, 135.00, -3.62
71.20, 134.00, -3.52
71.22, 136.00, -3.37
71.25, 137.00, -3.15
71.27, 136.00, -2.93
71.29, 138.00, -2.64
71.32, 137.00, -2.49
71.34, 136.00, -2.27
71.36, 136.00, -2.15
71.39, 136.00, -2.00
71.41, 138.00, -1.71
71.43, 137.00, -1.57
71.45, 136.00, -1.35
71.48, 137.00, -1.13
71.50, 139.00, -0.91
71.52, 137.00, -0.77
71.54, 137.00, -0.64
71.57, 140.00, -0.36
71.59, 138.00, -0.08
71.61, 137.00, 0.05
71.64, 137.00, 0.32
71.66, 140.00, 0.63
71.68, 138.00, 0.87
71.70, 138.00, 1.02
71.72, 137.00, 1.25
71.75, 138.00, 1.40
71.77, 137.00, 1.51
71.79, 138.00, 1.72
71.81, 137.00, 1.93
71.83, 140.00, 2.21
71.85, 137.00, 2.37
71.88, 137.00, 2.54
71.90, 138.00, 2.73
71.92, 138.00, 2.92
71.94, 137.00, 3.06
71.96, 138.00, 3.29
71.99, 136.00, 3.46
72.01, 137.00, 3.60
72.03, 137.00, 3.70
72.05, 138.00, 3.87
72.07, 137.00, 3.91
72.09, 136.00, 3.95
72.12, 139.00, 4.14
72.14, 136.00, 4.20
72.16, 138.00, 4.34
72.18, 137.00, 4.37
72.20, 136.00, 4.38
72.22, 135.00, 4.39
72.25, 135.00, 4.36
72.27, 135.00, 4.23
72.29, 137.00, 4.26
72.31, 137.00, 4.29
72.33, 135.00, 4.12
72.36, 137.00, 4.09
72.38, 136.00, 4.06
72.40, 136.00, 4.01
72.42, 138.00, 3.91
72.44, 137.00, 3.86
72.46, 135.00, 3.71
72.49, 137.00, 3.68
72.51, 138.00, 3.63
72.53, 136.00, 3.56
72.55, 136.00, 3.42
72.57, 137.00, 3.37
72.60, 135.00, 3.12
72.62, 136.00, 3.01
72.64, 135.00, 2.86
72.66, 137.00, 2.74
72.68, 135.00, 2.54
72.71, 135.00, 2.38
72.73, 138.00, 2.28
72.75, 137.00, 2.22
72.77, 136.00, 2.08
72.79, 135.00, 1.89
72.82, 138.00, 1.78
72.84, 135.00, 1.59
72.86, 138.00, 1.55
72.88, 137.00, 1.36
72.90, 137.00, 1.27
72.92, 138.00, 1.15
72.95, 135.00, 0.94
72.97, 137.00, 0.86
72.99, 138.00, 0.84
73.01, 137.00, 0.79
73.03, 136.00, 0.71
73.06, 137.00, 0.58
73.08, 138.00, 0.50
73.10, 137.00, 0.46
73.12, 137.00, 0.34
73.14, 137.00, 0.26
73.16, 138.00, 0.22
73.19, 136.00, 0.03
73.21, 136.00, -0.11
73.23, 139.00, -0.07
73.25, 137.00, -0.18
73.28, 136.00, -0.35
73.30, 137.00, -0.42
73.32, 137.00, -0.48
73.35, 139.00, -0.50
73.37, 137.00, -0.51
73.39, 138.00, -0.52
73.41, 136.00, -0.56
73.44, 138.00, -0.60
73.46, 136.00, -0.64
73.48, 136.00, -0.67
73.50, 138.00, -0.73
73.53, 135.00, -0.87
73.55, 137.00, -0.88
73.57, 136.00, -0.90
73.60, 136.00, -1.02
73.62, 135.00, -1.06
73.64, 136.00, -1.18
73.67, 136.00, -1.25
73.69, 136.00, -1.32
73.71, 135.00, -1.46
73.74, 136.00, -1.45
73.76, 135.00, -1.54
73.78, 138.00, -1.56
73.80, 138.00, -1.55
73.83, 136.00, -1.56
73.85, 135.00, -1.65
73.87, 137.00, -1.70
73.89, 136.00, -1.75
73.92, 136.00, -1.79
73.94, 136.00, -1.83
73.96, 137.00, -1.87
73.99, 137.00, -1.83
74.01, 136.00, -1.82
74.03, 136.00, -1.93
74.05, 138.00, -1.89
74.08, 136.00, -1.88
74.10, 137.00, -1.87
74.12, 137.00, -1.85
74.15, 138.00, -1.88
74.17, 138.00, -1.83
74.19, 137.00, -1.85
74.21, 139.00, -1.73
74.24, 139.00, -1.68
74.26, 137.00, -1.62
74.28, 139.00, -1.49
74.31, 139.00, -1.44
74.33, 139.00, -1.27
74.35, 137.00, -1.25
74.38, 137.00, -1.19
74.40, 139.00, -1.05
74.42, 140.00, -0.84
74.44, 139.00, -0.70
74.47, 139.00, -0.56
74.49, 139.00, -0.42
74.51, 139.00, -0.23
74.54, 137.00, -0.16
74.56, 139.00, 0.03
74.58, 138.00, 0.07
74.60, 137.00, 0.08
74.62, 139.00, 0.23
74.64, 139.00, 0.42
74.67, 139.00, 0.54
74.69, 140.00, 0.74
74.71, 137.00, 0.83
74.73, 140.00, 1.03
74.75, 137.00, 1.08
74.78, 139.00, 1.21
74.80, 138.00, 1.33
74.82, 140.00, 1.54
74.84, 137.00, 1.56
74.86, 138.00, 1.69
74.89, 138.00, 1.78
74.91, 137.00, 1.84
74.93, 137.00, 1.86
74.95, 139.00, 1.95
74.97, 138.00, 2.04
74.99, 138.00, 2.06
75.02, 137.00, 2.04
75.04, 139.00, 2.16
75.06, 138.00, 2.18
75.08, 139.00, 2.22
75.10, 138.00, 2.22
75.13, 137.00, 2.26
75.15, 138.00, 2.34
75.17, 138.00, 2.34
75.19, 138.00, 2.29
75.21, 137.00, 2.24
75.24, 138.00, 2.22
75.26, 138.00, 2.20
75.28, 138.00, 2.17
75.30, 138.00, 2.22
75.32, 138.00, 2.18
75.34, 137.00, 2.14
75.37, 138.00, 2.18
75.39, 138.00, 2.14
75.41, 138.00, 2.08
75.43, 138.00, 2.03
75.45, 137.00, 1.90
75.47, 138.00, 1.91
75.50, 137.00, 1.77
75.52, 138.00, 1.77
75.54, 138.00, 1.70
75.56, 139.00, 1.70
75.58, 140.00, 1.65
75.61, 137.00, 1.60
75.63, 139.00, 1.59
75.65, 139.00, 1.58
75.67, 140.00, 1.63
75.69, 138.00, 1.62
75.71, 140.00, 1.60
75.74, 140.00, 1.61
75.76, 139.00, 1.59
75.78, 139.00, 1.61
75.80, 138.00, 1.50
75.82, 140.00, 1.52
75.85, 139.00, 1.45
75.87, 138.00, 1.39
75.89, 139.00, 1.40
75.91, 140.00, 1.41
75.93, 139.00, 1.37
75.96, 138.00, 1.31
75.98, 138.00, 1.28
76.00, 140.00, 1.29
76.02, 139.00, 1.27
76.04, 138.00, 1.21
76.07, 140.00, 1.22
76.09, 140.00, 1.23
76.11, 140.00, 1.28
76.13, 139.00, 1.25
76.15, 142.00, 1.34
76.17, 140.00, 1.36
76.20, 139.00, 1.34
76.22, 139.00, 1.36
76.24, 139.00, 1.34
76.26, 139.00, 1.37
76.28, 140.00, 1.39
76.31, 140.00, 1.42
76.33, 139.00, 1.37
76.35, 139.00, 1.28
76.37, 140.00, 1.35
76.39, 139.00, 1.31
76.41, 140.00, 1.30
76.44, 139.00, 1.21
76.46, 140.00, 1.24
76.48, 141.00, 1.23
76.50, 142.00, 1.26
76.52, 139.00, 1.22
76.55, 139.00, 1.17
76.57, 1